<?xml version="1.0" encoding="UTF-8"?><idempiere Name="AD_Element_Trl" Version="1.0.0" idempiereVersion="8.2.0.qualifier" DataBaseVersion="2020-12-20" Description="" Author="SuperUser" AuthorEmail="" CreatedDate="Fri Jun 10 17:14:26 VET 2022" UpdatedDate="Fri Jun 10 17:14:26 VET 2022" PackOutVersion="100" UpdateDictionary="true" Client="0-SYSTEM-System" AD_Client_UU="11237b53-9592-4af1-b3c5-afd216514b5d">
    <AD_Element_Trl type="table">
        <AD_Client_ID>0</AD_Client_ID>
        <AD_Org_ID>0</AD_Org_ID>
        <AD_Element_ID reference="uuid" reference-key="AD_Element">be745a1a-6779-474b-97c7-8398e7903e66</AD_Element_ID>
        <AD_Language>es_VE</AD_Language>
        <AD_Org_ID reference="id">0</AD_Org_ID>
        <IsActive>Y</IsActive>
        <Name>Pago Agrupado</Name>
        <Description/>
        <Help/>
        <IsTranslated>Y</IsTranslated>
        <PrintName>Pago Agrupado</PrintName>
        <PO_Description/>
        <PO_Help/>
        <PO_Name/>
        <PO_PrintName/>
        <AD_Element_Trl_UU>047549cc-3638-4bcb-9474-81985ae04a1e</AD_Element_Trl_UU>
        <Placeholder/>
    </AD_Element_Trl>

    <AD_Tab_Trl type="table">
        <AD_Client_ID>0</AD_Client_ID>
        <AD_Org_ID>0</AD_Org_ID>
        <AD_Tab_ID reference="uuid" reference-key="AD_Tab">741d7f37-feb3-4f7a-ae09-6da69dd77b76</AD_Tab_ID>
        <AD_Language>es_VE</AD_Language>
        <Name>Tipo Selección de Pago Nómina</Name>
        <Description/>
        <Help/>
        <IsTranslated>Y</IsTranslated>
        <IsActive>Y</IsActive>
        <AD_Org_ID reference="id">0</AD_Org_ID>
        <CommitWarning/>
        <AD_Tab_Trl_UU>4b5bc316-5cfb-46c9-92a5-3a84e5eddbbc</AD_Tab_Trl_UU>
    </AD_Tab_Trl>

    <AD_Window_Trl type="table">
        <AD_Client_ID>0</AD_Client_ID>
        <AD_Org_ID>0</AD_Org_ID>
        <AD_Window_ID reference="uuid" reference-key="AD_Window">91bd2b2b-1ff9-4d6e-a58f-32ac4591b3e8</AD_Window_ID>
        <AD_Language>es_VE</AD_Language>
        <Description/>
        <Help/>
        <Name>Tipo Selección de Pago Nómina</Name>
        <IsTranslated>Y</IsTranslated>
        <IsActive>Y</IsActive>
        <AD_Org_ID reference="id">0</AD_Org_ID>
        <AD_Window_Trl_UU>7f9bce1d-dc9e-465a-88d8-cd1e2e4af0da</AD_Window_Trl_UU>
    </AD_Window_Trl>

    <AD_Element type="table">
        <AD_Client_ID>0</AD_Client_ID>
        <AD_Org_ID>0</AD_Org_ID>
        <AD_Org_ID reference="id">0</AD_Org_ID>
        <IsActive>Y</IsActive>
        <ColumnName>LVE_ConceptsPayrollPayments_ID</ColumnName>
        <Name>Concepts of Payroll Direct Payments</Name>
        <Description/>
        <Help/>
        <PrintName>Concepts of Payroll Direct Payments</PrintName>
        <PO_Description/>
        <PO_Help/>
        <PO_Name/>
        <PO_PrintName/>
        <EntityType>U</EntityType>
        <AD_Element_UU>d5158ad0-4818-4c8a-b66a-9bfad7df0019</AD_Element_UU>
        <Placeholder/>
        <AD_Element_Trl type="translation">
            <Description/>
            <Help/>
            <Name>Conceptos de Pagos Directos de Nómina</Name>
            <Placeholder/>
            <PO_Description/>
            <PO_Help/>
            <PO_Name/>
            <PO_PrintName/>
            <PrintName>Conceptos de Pagos Directos de Nómina</PrintName>
            <AD_Language>es_VE</AD_Language>
            <IsActive>Y</IsActive>
            <IsTranslated>Y</IsTranslated>
        </AD_Element_Trl>
        <AD_Element_Trl type="translation">
            <Description/>
            <Help/>
            <Name>Conceptos de Pagos Directos de Nómina</Name>
            <Placeholder/>
            <PO_Description/>
            <PO_Help/>
            <PO_Name/>
            <PO_PrintName/>
            <PrintName>Conceptos de Pagos Directos de Nómina</PrintName>
            <AD_Language>es_CO</AD_Language>
            <IsActive>Y</IsActive>
            <IsTranslated>Y</IsTranslated>
        </AD_Element_Trl>
    </AD_Element>

    <AD_Tab_Trl type="table">
        <AD_Client_ID>0</AD_Client_ID>
        <AD_Org_ID>0</AD_Org_ID>
        <AD_Tab_ID reference="uuid" reference-key="AD_Tab">e280ca77-97e5-489d-9c64-3ba9bdcf1c19</AD_Tab_ID>
        <AD_Language>es_CO</AD_Language>
        <Name>Conceptos Pagos de Nómina</Name>
        <Description/>
        <Help/>
        <IsTranslated>Y</IsTranslated>
        <IsActive>Y</IsActive>
        <AD_Org_ID reference="id">0</AD_Org_ID>
        <CommitWarning/>
        <AD_Tab_Trl_UU>ba768c21-ec06-4d58-a77b-693741d5b03d</AD_Tab_Trl_UU>
    </AD_Tab_Trl>

    <AD_Tab_Trl type="table">
        <AD_Client_ID>0</AD_Client_ID>
        <AD_Org_ID>0</AD_Org_ID>
        <AD_Tab_ID reference="uuid" reference-key="AD_Tab">e280ca77-97e5-489d-9c64-3ba9bdcf1c19</AD_Tab_ID>
        <AD_Language>es_VE</AD_Language>
        <Name>Conceptos Pagos de Nómina</Name>
        <Description/>
        <Help/>
        <IsTranslated>Y</IsTranslated>
        <IsActive>Y</IsActive>
        <AD_Org_ID reference="id">0</AD_Org_ID>
        <CommitWarning/>
        <AD_Tab_Trl_UU>3229ad7c-b03d-4ad2-86fa-7ea7442dda69</AD_Tab_Trl_UU>
    </AD_Tab_Trl>

    <AD_Element type="table">
        <AD_Client_ID>0</AD_Client_ID>
        <AD_Org_ID>0</AD_Org_ID>
        <AD_Org_ID reference="id">0</AD_Org_ID>
        <IsActive>Y</IsActive>
        <ColumnName>LVE_PayrollPayments_ID</ColumnName>
        <Name>Payroll Payments</Name>
        <Description/>
        <Help/>
        <PrintName>Payroll Payments</PrintName>
        <PO_Description/>
        <PO_Help/>
        <PO_Name/>
        <PO_PrintName/>
        <EntityType>ING_Payroll</EntityType>
        <AD_Element_UU>7cde358a-e6a5-413c-8b97-46db3e1a480e</AD_Element_UU>
        <Placeholder/>
        <AD_Element_Trl type="translation">
            <Description/>
            <Help/>
            <Name>Pagos de Nómina</Name>
            <Placeholder/>
            <PO_Description/>
            <PO_Help/>
            <PO_Name/>
            <PO_PrintName/>
            <PrintName>Pagos de Nómina</PrintName>
            <AD_Language>es_VE</AD_Language>
            <IsActive>Y</IsActive>
            <IsTranslated>Y</IsTranslated>
        </AD_Element_Trl>
        <AD_Element_Trl type="translation">
            <Description/>
            <Help/>
            <Name>Pagos de Nómina</Name>
            <Placeholder/>
            <PO_Description/>
            <PO_Help/>
            <PO_Name/>
            <PO_PrintName/>
            <PrintName>Pagos de Nómina</PrintName>
            <AD_Language>es_CO</AD_Language>
            <IsActive>Y</IsActive>
            <IsTranslated>Y</IsTranslated>
        </AD_Element_Trl>
    </AD_Element>

    <AD_Tab_Trl type="table">
        <AD_Client_ID>0</AD_Client_ID>
        <AD_Org_ID>0</AD_Org_ID>
        <AD_Tab_ID reference="uuid" reference-key="AD_Tab">005613e3-b526-4a8a-a542-13b957ecd524</AD_Tab_ID>
        <AD_Language>es_CO</AD_Language>
        <Name>Pagos de Nómina</Name>
        <Description/>
        <Help/>
        <IsTranslated>Y</IsTranslated>
        <IsActive>Y</IsActive>
        <AD_Org_ID reference="id">0</AD_Org_ID>
        <CommitWarning/>
        <AD_Tab_Trl_UU>fcf8ac42-3524-47b1-8ee3-7f5765c83ada</AD_Tab_Trl_UU>
    </AD_Tab_Trl>

    <AD_Tab_Trl type="table">
        <AD_Client_ID>0</AD_Client_ID>
        <AD_Org_ID>0</AD_Org_ID>
        <AD_Tab_ID reference="uuid" reference-key="AD_Tab">005613e3-b526-4a8a-a542-13b957ecd524</AD_Tab_ID>
        <AD_Language>es_VE</AD_Language>
        <Name>Pagos de Nómina</Name>
        <Description/>
        <Help/>
        <IsTranslated>Y</IsTranslated>
        <IsActive>Y</IsActive>
        <AD_Org_ID reference="id">0</AD_Org_ID>
        <CommitWarning/>
        <AD_Tab_Trl_UU>50a23545-1995-4649-a0bf-5f1fd864ef13</AD_Tab_Trl_UU>
    </AD_Tab_Trl>

    <AD_Window_Trl type="table">
        <AD_Client_ID>0</AD_Client_ID>
        <AD_Org_ID>0</AD_Org_ID>
        <AD_Window_ID reference="uuid" reference-key="AD_Window">343e88fe-9fa6-49a3-a1d9-5c7645e40b72</AD_Window_ID>
        <AD_Language>es_CO</AD_Language>
        <Description>Pagos Directos de Nómina</Description>
        <Help/>
        <Name>Pagos de Nómina</Name>
        <IsTranslated>Y</IsTranslated>
        <IsActive>Y</IsActive>
        <AD_Org_ID reference="id">0</AD_Org_ID>
        <AD_Window_Trl_UU>51b03db4-4f5b-40d3-97a0-a72a3b9660d4</AD_Window_Trl_UU>
    </AD_Window_Trl>

    <AD_Window_Trl type="table">
        <AD_Client_ID>0</AD_Client_ID>
        <AD_Org_ID>0</AD_Org_ID>
        <AD_Window_ID reference="uuid" reference-key="AD_Window">343e88fe-9fa6-49a3-a1d9-5c7645e40b72</AD_Window_ID>
        <AD_Language>es_VE</AD_Language>
        <Description>Pagos Directos de Nómina</Description>
        <Help/>
        <Name>Pagos de Nómina</Name>
        <IsTranslated>Y</IsTranslated>
        <IsActive>Y</IsActive>
        <AD_Org_ID reference="id">0</AD_Org_ID>
        <AD_Window_Trl_UU>837c3935-7cea-4ce9-bae1-8eed7dd1c395</AD_Window_Trl_UU>
    </AD_Window_Trl>

    <AD_Field_Trl type="table">
        <AD_Client_ID>0</AD_Client_ID>
        <AD_Org_ID>0</AD_Org_ID>
        <AD_Field_ID reference="uuid" reference-key="AD_Field">66d7a2a1-ccb3-453a-9767-7947129f195c</AD_Field_ID>
        <AD_Language>es_VE</AD_Language>
        <Name>Monto Calculado</Name>
        <Description>Monto en una moneda definida</Description>
        <Help>Indica el monto para esta línea del documento</Help>
        <IsTranslated>Y</IsTranslated>
        <IsActive>Y</IsActive>
        <AD_Org_ID reference="id">0</AD_Org_ID>
        <AD_Field_Trl_UU>f7e44ea7-4111-41d5-8b62-057a4eb39cbd</AD_Field_Trl_UU>
        <Placeholder/>
    </AD_Field_Trl>

    <AD_Element type="table">
        <AD_Client_ID>0</AD_Client_ID>
        <AD_Org_ID>0</AD_Org_ID>
        <AD_Org_ID reference="id">0</AD_Org_ID>
        <IsActive>Y</IsActive>
        <ColumnName>HR_PaymentSelection_ID</ColumnName>
        <Name>Payment Selection HR</Name>
        <Description/>
        <Help/>
        <PrintName>Payment Selection HR</PrintName>
        <PO_Description/>
        <PO_Help/>
        <PO_Name/>
        <PO_PrintName/>
        <EntityType>ING_Payroll</EntityType>
        <AD_Element_UU>9697441a-807b-4dba-98af-fe5753692fb8</AD_Element_UU>
        <Placeholder/>
        <AD_Element_Trl type="translation">
            <Description/>
            <Help/>
            <Name>Seleccion de Pago Nomina</Name>
            <Placeholder/>
            <PO_Description/>
            <PO_Help/>
            <PO_Name/>
            <PO_PrintName/>
            <PrintName>Seleccion de Pago Nomina</PrintName>
            <AD_Language>es_VE</AD_Language>
            <IsActive>Y</IsActive>
            <IsTranslated>Y</IsTranslated>
        </AD_Element_Trl>
        <AD_Element_Trl type="translation">
            <Description/>
            <Help/>
            <Name>Seleccion de Pago Nomina</Name>
            <Placeholder/>
            <PO_Description/>
            <PO_Help/>
            <PO_Name/>
            <PO_PrintName/>
            <PrintName>Seleccion de Pago Nomina</PrintName>
            <AD_Language>es_CO</AD_Language>
            <IsActive>Y</IsActive>
            <IsTranslated>Y</IsTranslated>
        </AD_Element_Trl>
    </AD_Element>

    <AD_FieldGroup type="table">
        <AD_FieldGroup_ID>114</AD_FieldGroup_ID>
        <AD_Client_ID>0</AD_Client_ID>
        <AD_Org_ID>0</AD_Org_ID>
        <AD_FieldGroup_ID>114</AD_FieldGroup_ID>
        <AD_Org_ID reference="id">0</AD_Org_ID>
        <IsActive>Y</IsActive>
        <Name>Action</Name>
        <EntityType>D</EntityType>
        <FieldGroupType>C</FieldGroupType>
        <IsCollapsedByDefault>N</IsCollapsedByDefault>
        <AD_FieldGroup_UU>566645a1-b637-4a12-a471-8d6338e0f5a1</AD_FieldGroup_UU>
        <AD_FieldGroup_Trl type="translation">
            <Name>Acción</Name>
            <AD_Language>es_VE</AD_Language>
            <IsActive>Y</IsActive>
            <IsTranslated>Y</IsTranslated>
        </AD_FieldGroup_Trl>
        <AD_FieldGroup_Trl type="translation">
            <Name>Acción</Name>
            <AD_Language>es_CO</AD_Language>
            <IsActive>Y</IsActive>
            <IsTranslated>Y</IsTranslated>
        </AD_FieldGroup_Trl>
    </AD_FieldGroup>
    <AD_Field type="table">
        <AD_Client_ID>0</AD_Client_ID>
        <AD_Org_ID>0</AD_Org_ID>
        <Name>Process_PaymentSelPayroll</Name>
        <Description/>
        <Help/>
        <AD_Tab_ID reference="uuid" reference-key="AD_Tab">c73c9ce7-f23e-4ed0-bdba-3fee775911a8</AD_Tab_ID>
        <AD_Column_ID reference="uuid" reference-key="AD_Column">cf2ca3c3-3e02-4434-bd76-8deba8f0c605</AD_Column_ID>
        <IsDisplayed>Y</IsDisplayed>
        <DisplayLogic/>
        <DisplayLength>2</DisplayLength>
        <SeqNo>200</SeqNo>
        <SortNo/>
        <IsSameLine>N</IsSameLine>
        <IsHeading>N</IsHeading>
        <IsFieldOnly>N</IsFieldOnly>
        <IsEncrypted>N</IsEncrypted>
        <AD_Org_ID reference="id">0</AD_Org_ID>
        <IsActive>Y</IsActive>
        <IsReadOnly>N</IsReadOnly>
        <IsCentrallyMaintained>N</IsCentrallyMaintained>
        <AD_FieldGroup_ID reference="id">114</AD_FieldGroup_ID>
        <EntityType>ING_Payroll</EntityType>
        <ObscureType/>
        <AD_Reference_ID reference="id"/>
        <IsMandatory/>
        <DefaultValue/>
        <AD_Reference_Value_ID reference="id"/>
        <AD_Val_Rule_ID reference="id"/>
        <Included_Tab_ID reference="id"/>
        <AD_Field_UU>24b60bf1-2f52-4b30-bbc9-e392011ed206</AD_Field_UU>
        <IsAllowCopy/>
        <IsDisplayedGrid>Y</IsDisplayedGrid>
        <SeqNoGrid>130</SeqNoGrid>
        <XPosition>5</XPosition>
        <ColumnSpan>2</ColumnSpan>
        <NumLines>1</NumLines>
        <IsQuickEntry>N</IsQuickEntry>
        <IsUpdateable/>
        <IsAlwaysUpdateable/>
        <MandatoryLogic/>
        <ReadOnlyLogic/>
        <IsToolbarButton/>
        <IsDefaultFocus>N</IsDefaultFocus>
        <IsAdvancedField>N</IsAdvancedField>
        <VFormat/>
        <AD_LabelStyle_ID reference="id"/>
        <AD_FieldStyle_ID reference="id"/>
        <IsQuickForm>N</IsQuickForm>
        <Placeholder/>
        <IsSelectionColumn/>
        <AD_Val_Rule_Lookup_ID reference="id"/>
        <ColumnSQL/>
        <AD_Field_Trl type="translation">
            <Description/>
            <Help/>
            <Name>Procesar Selección de Pago Nómina</Name>
            <Placeholder/>
            <AD_Language>es_CO</AD_Language>
            <IsActive>Y</IsActive>
            <IsTranslated>Y</IsTranslated>
        </AD_Field_Trl>
        <AD_Field_Trl type="translation">
            <Description/>
            <Help/>
            <Name>Procesar Selección de Pago Nómina</Name>
            <Placeholder/>
            <AD_Language>es_VE</AD_Language>
            <IsActive>Y</IsActive>
            <IsTranslated>Y</IsTranslated>
        </AD_Field_Trl>
    </AD_Field>

    <AD_Element_Trl type="table">
        <AD_Client_ID>0</AD_Client_ID>
        <AD_Org_ID>0</AD_Org_ID>
        <AD_Element_ID reference="uuid" reference-key="AD_Element">955191cf-c730-474f-93a7-702f9da3ff91</AD_Element_ID>
        <AD_Language>es_VE</AD_Language>
        <AD_Org_ID reference="id">0</AD_Org_ID>
        <IsActive>Y</IsActive>
        <Name>Generar Lineas Selección</Name>
        <Description/>
        <Help/>
        <IsTranslated>Y</IsTranslated>
        <PrintName>Generar Lineas Selección</PrintName>
        <PO_Description/>
        <PO_Help/>
        <PO_Name/>
        <PO_PrintName/>
        <AD_Element_Trl_UU>557bcb72-cf38-4e00-b794-9dc852773674</AD_Element_Trl_UU>
        <Placeholder/>
    </AD_Element_Trl>

    <AD_Element_Trl type="table">
        <AD_Client_ID>0</AD_Client_ID>
        <AD_Org_ID>0</AD_Org_ID>
        <AD_Element_ID reference="uuid" reference-key="AD_Element">ba59b9ac-19fb-4283-aced-d1c2e2d947fc</AD_Element_ID>
        <AD_Language>es_VE</AD_Language>
        <AD_Org_ID reference="id">0</AD_Org_ID>
        <IsActive>Y</IsActive>
        <Name>Tipo Selección de Pago</Name>
        <Description/>
        <Help/>
        <IsTranslated>Y</IsTranslated>
        <PrintName>Tipo Selección de Pago</PrintName>
        <PO_Description/>
        <PO_Help/>
        <PO_Name/>
        <PO_PrintName/>
        <AD_Element_Trl_UU>6eae58b2-afa6-4dee-85a7-8795514581bd</AD_Element_Trl_UU>
        <Placeholder/>
    </AD_Element_Trl>

    <AD_Field_Trl type="table">
        <AD_Client_ID>0</AD_Client_ID>
        <AD_Org_ID>0</AD_Org_ID>
        <AD_Field_ID reference="uuid" reference-key="AD_Field">b45c5c6f-6c71-4739-a1f6-cc6a897629f5</AD_Field_ID>
        <AD_Language>es_VE</AD_Language>
        <Name>Total Proceso Nómina</Name>
        <Description>Total Proceso Nómina</Description>
        <Help>Indica el total total del documento</Help>
        <IsTranslated>Y</IsTranslated>
        <IsActive>Y</IsActive>
        <AD_Org_ID reference="id">0</AD_Org_ID>
        <AD_Field_Trl_UU>de94a347-823f-4804-bfd5-ffbe97f86df6</AD_Field_Trl_UU>
        <Placeholder/>
    </AD_Field_Trl>

    <AD_Element_Trl type="table">
        <AD_Client_ID>0</AD_Client_ID>
        <AD_Org_ID>0</AD_Org_ID>
        <AD_Element_ID reference="uuid" reference-key="AD_Element">08f5c1a5-5dfa-47d3-ac45-647bfd25b0d3</AD_Element_ID>
        <AD_Language>es_VE</AD_Language>
        <AD_Org_ID reference="id">0</AD_Org_ID>
        <IsActive>Y</IsActive>
        <Name>Tipo de documento Pago</Name>
        <Description/>
        <Help/>
        <IsTranslated>Y</IsTranslated>
        <PrintName>Tipo de documento Pago</PrintName>
        <PO_Description/>
        <PO_Help/>
        <PO_Name/>
        <PO_PrintName/>
        <AD_Element_Trl_UU>d248d000-fe7e-4259-a842-ba275c1619b4</AD_Element_Trl_UU>
        <Placeholder/>
    </AD_Element_Trl>

    <AD_Tab_Trl type="table">
        <AD_Client_ID>0</AD_Client_ID>
        <AD_Org_ID>0</AD_Org_ID>
        <AD_Tab_ID reference="uuid" reference-key="AD_Tab">2e1e221f-4520-47dc-b9b3-9cee025fc842</AD_Tab_ID>
        <AD_Language>es_VE</AD_Language>
        <Name>Linea Selección de pago Nómina</Name>
        <Description/>
        <Help/>
        <IsTranslated>Y</IsTranslated>
        <IsActive>Y</IsActive>
        <AD_Org_ID reference="id">0</AD_Org_ID>
        <CommitWarning/>
        <AD_Tab_Trl_UU>7180d0f3-1d95-4899-860e-729f5906625b</AD_Tab_Trl_UU>
    </AD_Tab_Trl>

    <AD_Tab_Trl type="table">
        <AD_Client_ID>0</AD_Client_ID>
        <AD_Org_ID>0</AD_Org_ID>
        <AD_Tab_ID reference="uuid" reference-key="AD_Tab">c73c9ce7-f23e-4ed0-bdba-3fee775911a8</AD_Tab_ID>
        <AD_Language>es_VE</AD_Language>
        <Name>Selección de Pago Nómina</Name>
        <Description/>
        <Help/>
        <IsTranslated>Y</IsTranslated>
        <IsActive>Y</IsActive>
        <AD_Org_ID reference="id">0</AD_Org_ID>
        <CommitWarning/>
        <AD_Tab_Trl_UU>9047844b-410d-4d1f-8c63-fc8764c9945e</AD_Tab_Trl_UU>
    </AD_Tab_Trl>

    <AD_Window_Trl type="table">
        <AD_Client_ID>0</AD_Client_ID>
        <AD_Org_ID>0</AD_Org_ID>
        <AD_Window_ID reference="uuid" reference-key="AD_Window">eede529a-3f69-476c-8f50-4ae551da7317</AD_Window_ID>
        <AD_Language>es_VE</AD_Language>
        <Description/>
        <Help/>
        <Name>Selección de Pago Nómina</Name>
        <IsTranslated>Y</IsTranslated>
        <IsActive>Y</IsActive>
        <AD_Org_ID reference="id">0</AD_Org_ID>
        <AD_Window_Trl_UU>79f4a261-b189-4506-86ee-a0310a33fd1c</AD_Window_Trl_UU>
    </AD_Window_Trl>

    <AD_Process_Trl type="table">
        <AD_Client_ID>0</AD_Client_ID>
        <AD_Org_ID>0</AD_Org_ID>
        <AD_Process_ID reference="uuid" reference-key="AD_Process">a49173d2-f46f-443e-8a56-a48567330337</AD_Process_ID>
        <AD_Language>es_VE</AD_Language>
        <AD_Org_ID reference="id">0</AD_Org_ID>
        <IsActive>Y</IsActive>
        <Name>Generar Facturas de Nómina</Name>
        <Description/>
        <Help/>
        <IsTranslated>Y</IsTranslated>
        <AD_Process_Trl_UU>edd52734-0737-4cea-a013-f5f0640f3764</AD_Process_Trl_UU>
    </AD_Process_Trl>

    <AD_Process_Trl type="table">
        <AD_Client_ID>0</AD_Client_ID>
        <AD_Org_ID>0</AD_Org_ID>
        <AD_Process_ID reference="uuid" reference-key="AD_Process">a49173d2-f46f-443e-8a56-a48567330337</AD_Process_ID>
        <AD_Language>es_CO</AD_Language>
        <AD_Org_ID reference="id">0</AD_Org_ID>
        <IsActive>Y</IsActive>
        <Name>Generar Facturas de Nómina</Name>
        <Description/>
        <Help/>
        <IsTranslated>Y</IsTranslated>
        <AD_Process_Trl_UU>dea4dbb4-b8d1-4a0a-9bff-ef9ff5c4129c</AD_Process_Trl_UU>
    </AD_Process_Trl>
</idempiere>
