<?xml version="1.0" encoding="UTF-8"?><idempiere Name="AD_Menu" Version="1.0.0" idempiereVersion="7.1.0.qualifier" DataBaseVersion="2019-11-22" Description="" Author="Victor Suarez" AuthorEmail="" CreatedDate="Fri Aug 21 16:38:17 VET 2020" UpdatedDate="Fri Aug 21 16:38:17 VET 2020" PackOutVersion="100" UpdateDictionary="true" Client="0-SYSTEM-System" AD_Client_UU="11237b53-9592-4af1-b3c5-afd216514b5d">
    <AD_Menu type="table">
        <Parent_ID reference="id">53108</Parent_ID>
        <SeqNo>3</SeqNo>
        <AD_Client_ID>0</AD_Client_ID>
        <AD_Org_ID>0</AD_Org_ID>
        <Name>Payrol Reports</Name>
        <Description/>
        <Action/>
        <AD_Window_ID reference="id"/>
        <AD_Workflow_ID reference="id"/>
        <AD_Task_ID reference="id"/>
        <IsActive>Y</IsActive>
        <IsSummary>Y</IsSummary>
        <AD_Process_ID reference="id"/>
        <IsSOTrx>Y</IsSOTrx>
        <AD_Form_ID reference="id"/>
        <IsReadOnly>N</IsReadOnly>
        <EntityType>IVS</EntityType>
        <IsCentrallyMaintained>N</IsCentrallyMaintained>
        <AD_Menu_UU>0427bbed-69c7-45f3-afdd-699302b9d714</AD_Menu_UU>
        <AD_InfoWindow_ID reference="id"/>
        <AD_Menu_Trl type="translation">
            <Description/>
            <Name>Reportes</Name>
            <AD_Language>es_CO</AD_Language>
            <IsActive>Y</IsActive>
            <IsTranslated>Y</IsTranslated>
        </AD_Menu_Trl>
        <AD_Menu type="table">
            <Parent_ID reference="uuid" reference-key="AD_Menu">0427bbed-69c7-45f3-afdd-699302b9d714</Parent_ID>
            <SeqNo>3</SeqNo>
            <AD_Client_ID>0</AD_Client_ID>
            <AD_Org_ID>0</AD_Org_ID>
            <Name>Payslip</Name>
            <Description/>
            <Action>R</Action>
            <AD_Window_ID reference="id"/>
            <AD_Workflow_ID reference="id"/>
            <AD_Task_ID reference="id"/>
            <IsActive>Y</IsActive>
            <IsSummary>N</IsSummary>
            <AD_Process_ID reference="uuid" reference-key="AD_Process">9804f5a1-95e8-4fbe-bb55-6ef61d27ca9a</AD_Process_ID>
            <IsSOTrx>N</IsSOTrx>
            <AD_Form_ID reference="id"/>
            <IsReadOnly>N</IsReadOnly>
            <EntityType>ING_Payroll</EntityType>
            <IsCentrallyMaintained>N</IsCentrallyMaintained>
            <AD_Menu_UU>793e436a-2249-4c30-8bee-c2acbb49d55e</AD_Menu_UU>
            <AD_InfoWindow_ID reference="id"/>
            <AD_Attachment type="table">
                <AD_Client_ID>0</AD_Client_ID>
                <AD_Org_ID>0</AD_Org_ID>
                <IsActive>Y</IsActive>
                <AD_Table_ID reference="id">284</AD_Table_ID>
                <Record_ID reference="uuid" reference-key="AD_Process">9804f5a1-95e8-4fbe-bb55-6ef61d27ca9a</Record_ID>
                <BinaryData>1.dat|byte[]</BinaryData>
                <Title>zip</Title>
                <TextMsg/>
                <AD_Attachment_UU>f0faaa19-3c45-4793-8607-451c8999bdc8</AD_Attachment_UU>
            </AD_Attachment>
            <AD_Process type="table">
                <AD_Client_ID>0</AD_Client_ID>
                <AD_Org_ID>0</AD_Org_ID>
                <IsActive>Y</IsActive>
                <Name>Payslip</Name>
                <Description/>
                <Help/>
                <ProcedureName/>
                <IsReport>Y</IsReport>
                <Value>HR_Payslip</Value>
                <IsDirectPrint>N</IsDirectPrint>
                <AD_ReportView_ID reference="id">0</AD_ReportView_ID>
                <Classname/>
                <AccessLevel>3</AccessLevel>
                <EntityType>ING_Payroll</EntityType>
                <Statistic_Count>0</Statistic_Count>
                <Statistic_Seconds>0</Statistic_Seconds>
                <AD_PrintFormat_ID reference="id"/>
                <WorkflowValue/>
                <AD_Workflow_ID reference="id"/>
                <IsBetaFunctionality>N</IsBetaFunctionality>
                <IsServerProcess>N</IsServerProcess>
                <ShowHelp>S</ShowHelp>
                <JasperReport>attachment:HR_Payslip.jasper</JasperReport>
                <AD_Form_ID reference="id"/>
                <CopyFromProcess>N</CopyFromProcess>
                <AD_Process_UU>9804f5a1-95e8-4fbe-bb55-6ef61d27ca9a</AD_Process_UU>
                <AD_CtxHelp_ID reference="id"/>
                <ExecutionType/>
                <AllowMultipleExecution>P</AllowMultipleExecution>
                <AD_Process_Trl type="translation">
                    <Description/>
                    <Help/>
                    <Name>Recibo de Pago Nomina</Name>
                    <AD_Language>es_CO</AD_Language>
                    <IsActive>Y</IsActive>
                    <IsTranslated>Y</IsTranslated>
                </AD_Process_Trl>
                <AD_Reference type="table">
                    <AD_Reference_ID>30</AD_Reference_ID>
                    <AD_Client_ID>0</AD_Client_ID>
                    <AD_Org_ID>0</AD_Org_ID>
                    <AD_Reference_ID>30</AD_Reference_ID>
                    <Name>Search</Name>
                    <Description>Search Field</Description>
                    <Help/>
                    <ValidationType>D</ValidationType>
                    <IsActive>Y</IsActive>
                    <VFormat/>
                    <EntityType>ING_Payroll</EntityType>
                    <IsOrderByValue>N</IsOrderByValue>
                    <AD_Reference_UU>199e084e-6ad2-4bcd-8f5e-fdd08f4c0748</AD_Reference_UU>
                    <AD_Element_ID reference="id"/>
                    <AD_Reference_Trl type="translation">
                        <Description>Campo de Búsqueda</Description>
                        <Help/>
                        <Name>Búsqueda</Name>
                        <AD_Language>es_CO</AD_Language>
                        <IsActive>Y</IsActive>
                        <IsTranslated>Y</IsTranslated>
                    </AD_Reference_Trl>
                </AD_Reference>
                <AD_Reference type="table">
                    <AD_Reference_ID>252</AD_Reference_ID>
                    <AD_Client_ID>0</AD_Client_ID>
                    <AD_Org_ID>0</AD_Org_ID>
                    <AD_Reference_ID>252</AD_Reference_ID>
                    <Name>C_BPartner Employee</Name>
                    <Description>Business Partners who are Employee</Description>
                    <Help/>
                    <ValidationType>T</ValidationType>
                    <IsActive>Y</IsActive>
                    <VFormat/>
                    <EntityType>D</EntityType>
                    <IsOrderByValue>N</IsOrderByValue>
                    <AD_Reference_UU>19d0b9e0-fc8e-4060-a35d-278961357708</AD_Reference_UU>
                    <AD_Element_ID reference="id"/>
                    <AD_Reference_Trl type="translation">
                        <Description>Terceros que son empleados</Description>
                        <Help/>
                        <Name>C_BPartner Employee</Name>
                        <AD_Language>es_CO</AD_Language>
                        <IsActive>Y</IsActive>
                        <IsTranslated>Y</IsTranslated>
                    </AD_Reference_Trl>
                    <AD_Ref_Table type="table">
                        <AD_Reference_ID>252</AD_Reference_ID>
                        <AD_Client_ID>0</AD_Client_ID>
                        <AD_Org_ID>0</AD_Org_ID>
                        <AD_Reference_ID reference="id">252</AD_Reference_ID>
                        <AD_Table_ID reference="id">291</AD_Table_ID>
                        <WhereClause>C_BPartner.IsEmployee='Y'</WhereClause>
                        <OrderByClause/>
                        <IsActive>Y</IsActive>
                        <IsValueDisplayed>N</IsValueDisplayed>
                        <EntityType>D</EntityType>
                        <AD_Window_ID reference="id"/>
                        <AD_Ref_Table_UU>11991ebc-ee92-4b55-afcb-7c5f6a62f401</AD_Ref_Table_UU>
                        <AD_InfoWindow_ID reference="id"/>
                        <AD_Display reference="id">2902</AD_Display>
                        <AD_Key reference="id">2893</AD_Key>
                    </AD_Ref_Table>
                </AD_Reference>
                <AD_Element type="table">
                    <AD_Element_ID>187</AD_Element_ID>
                    <AD_Client_ID>0</AD_Client_ID>
                    <AD_Org_ID>0</AD_Org_ID>
                    <AD_Element_ID>187</AD_Element_ID>
                    <IsActive>Y</IsActive>
                    <ColumnName>C_BPartner_ID</ColumnName>
                    <Name>Business Partner </Name>
                    <Description>Identifies a Business Partner</Description>
                    <Help>A Business Partner is anyone with whom you transact.  This can include Vendor, Customer, Employee or Salesperson</Help>
                    <PrintName>Business Partner </PrintName>
                    <PO_Description/>
                    <PO_Help/>
                    <PO_Name/>
                    <PO_PrintName/>
                    <EntityType>D</EntityType>
                    <AD_Element_UU>5f73bc9f-04e0-448f-978d-f2d3e18f2ac3</AD_Element_UU>
                    <Placeholder/>
                    <AD_Element_Trl type="translation">
                        <Description>Identifica un Tercero</Description>
                        <Help>Un tercero es cualquiera con quien usted realiza transacciones. Este puede incluir Proveedores, Clientes, Empleados o Vendedores.</Help>
                        <Name>Tercero</Name>
                        <Placeholder/>
                        <PO_Description/>
                        <PO_Help/>
                        <PO_Name/>
                        <PO_PrintName/>
                        <PrintName>Tercero</PrintName>
                        <AD_Language>es_CO</AD_Language>
                        <IsActive>Y</IsActive>
                        <IsTranslated>Y</IsTranslated>
                    </AD_Element_Trl>
                </AD_Element>
                <AD_Process_Para type="table">
                    <AD_Client_ID>0</AD_Client_ID>
                    <AD_Org_ID>0</AD_Org_ID>
                    <IsActive>Y</IsActive>
                    <Name>Business Partner </Name>
                    <Description>Identifies a Business Partner</Description>
                    <Help>A Business Partner is anyone with whom you transact.  This can include Vendor, Customer, Employee or Salesperson</Help>
                    <AD_Process_ID reference="uuid" reference-key="AD_Process">9804f5a1-95e8-4fbe-bb55-6ef61d27ca9a</AD_Process_ID>
                    <SeqNo>20</SeqNo>
                    <AD_Reference_ID reference="id">30</AD_Reference_ID>
                    <AD_Reference_Value_ID reference="id">252</AD_Reference_Value_ID>
                    <IsRange>N</IsRange>
                    <AD_Val_Rule_ID reference="id"/>
                    <FieldLength>0</FieldLength>
                    <IsMandatory>N</IsMandatory>
                    <DefaultValue/>
                    <VFormat/>
                    <ValueMin/>
                    <ValueMax/>
                    <ColumnName>C_BPartner_ID</ColumnName>
                    <DefaultValue2/>
                    <IsCentrallyMaintained>Y</IsCentrallyMaintained>
                    <EntityType>ING_Payroll</EntityType>
                    <AD_Element_ID reference="id">187</AD_Element_ID>
                    <ReadOnlyLogic/>
                    <DisplayLogic/>
                    <AD_Process_Para_UU>d8adcf05-4138-4c4e-b2d8-97b5ebe00564</AD_Process_Para_UU>
                    <IsEncrypted>N</IsEncrypted>
                    <MandatoryLogic/>
                    <Placeholder/>
                    <Placeholder2/>
                    <AD_Process_Para_Trl type="translation">
                        <Description>Identifica un Tercero</Description>
                        <Help>Un tercero es cualquiera con quien usted realiza transacciones. Este puede incluir Proveedores, Clientes, Empleados o Vendedores.</Help>
                        <Name>Tercero</Name>
                        <Placeholder/>
                        <Placeholder2/>
                        <AD_Language>es_CO</AD_Language>
                        <IsActive>Y</IsActive>
                        <IsTranslated>Y</IsTranslated>
                    </AD_Process_Para_Trl>
                </AD_Process_Para>
                <AD_Reference type="table">
                    <AD_Reference_ID>19</AD_Reference_ID>
                    <AD_Client_ID>0</AD_Client_ID>
                    <AD_Org_ID>0</AD_Org_ID>
                    <AD_Reference_ID>19</AD_Reference_ID>
                    <Name>Table Direct</Name>
                    <Description>Direct Table Access</Description>
                    <Help/>
                    <ValidationType>D</ValidationType>
                    <IsActive>Y</IsActive>
                    <VFormat/>
                    <EntityType>D</EntityType>
                    <IsOrderByValue>N</IsOrderByValue>
                    <AD_Reference_UU>85767149-7019-4224-a8d0-41f0d9d77d47</AD_Reference_UU>
                    <AD_Element_ID reference="id"/>
                    <AD_Reference_Trl type="translation">
                        <Description>Acceso directo de tabla</Description>
                        <Help/>
                        <Name>Tabla Directa</Name>
                        <AD_Language>es_CO</AD_Language>
                        <IsActive>Y</IsActive>
                        <IsTranslated>Y</IsTranslated>
                    </AD_Reference_Trl>
                </AD_Reference>
                <AD_Element type="table">
                    <AD_Element_ID>53393</AD_Element_ID>
                    <AD_Client_ID>0</AD_Client_ID>
                    <AD_Org_ID>0</AD_Org_ID>
                    <AD_Element_ID>53393</AD_Element_ID>
                    <IsActive>Y</IsActive>
                    <ColumnName>HR_Payroll_ID</ColumnName>
                    <Name>Payroll</Name>
                    <Description/>
                    <Help/>
                    <PrintName>Payroll</PrintName>
                    <PO_Description/>
                    <PO_Help/>
                    <PO_Name/>
                    <PO_PrintName/>
                    <EntityType>EE02</EntityType>
                    <AD_Element_UU>4fa0b210-aecc-4b4f-a445-ef2844fe0267</AD_Element_UU>
                    <Placeholder/>
                    <AD_Element_Trl type="translation">
                        <Description/>
                        <Help/>
                        <Name>Nómina</Name>
                        <Placeholder/>
                        <PO_Description/>
                        <PO_Help/>
                        <PO_Name/>
                        <PO_PrintName/>
                        <PrintName>Nómina</PrintName>
                        <AD_Language>es_CO</AD_Language>
                        <IsActive>Y</IsActive>
                        <IsTranslated>Y</IsTranslated>
                    </AD_Element_Trl>
                </AD_Element>
                <AD_Process_Para type="table">
                    <AD_Client_ID>0</AD_Client_ID>
                    <AD_Org_ID>0</AD_Org_ID>
                    <IsActive>Y</IsActive>
                    <Name>Payroll</Name>
                    <Description/>
                    <Help/>
                    <AD_Process_ID reference="uuid" reference-key="AD_Process">9804f5a1-95e8-4fbe-bb55-6ef61d27ca9a</AD_Process_ID>
                    <SeqNo>30</SeqNo>
                    <AD_Reference_ID reference="id">19</AD_Reference_ID>
                    <AD_Reference_Value_ID reference="id"/>
                    <IsRange>N</IsRange>
                    <AD_Val_Rule_ID reference="id"/>
                    <FieldLength>0</FieldLength>
                    <IsMandatory>N</IsMandatory>
                    <DefaultValue/>
                    <VFormat/>
                    <ValueMin/>
                    <ValueMax/>
                    <ColumnName>HR_Payroll_ID</ColumnName>
                    <DefaultValue2/>
                    <IsCentrallyMaintained>Y</IsCentrallyMaintained>
                    <EntityType>ING_Payroll</EntityType>
                    <AD_Element_ID reference="id">53393</AD_Element_ID>
                    <ReadOnlyLogic/>
                    <DisplayLogic/>
                    <AD_Process_Para_UU>bbacc673-c052-4bb4-8a46-e11a0946db88</AD_Process_Para_UU>
                    <IsEncrypted>N</IsEncrypted>
                    <MandatoryLogic/>
                    <Placeholder/>
                    <Placeholder2/>
                    <AD_Process_Para_Trl type="translation">
                        <Description/>
                        <Help/>
                        <Name>Nómina</Name>
                        <Placeholder/>
                        <Placeholder2/>
                        <AD_Language>es_CO</AD_Language>
                        <IsActive>Y</IsActive>
                        <IsTranslated>Y</IsTranslated>
                    </AD_Process_Para_Trl>
                </AD_Process_Para>
                <AD_Reference type="table">
                    <AD_Reference_ID>15</AD_Reference_ID>
                    <AD_Client_ID>0</AD_Client_ID>
                    <AD_Org_ID>0</AD_Org_ID>
                    <AD_Reference_ID>15</AD_Reference_ID>
                    <Name>Date</Name>
                    <Description>Date mm/dd/yyyy</Description>
                    <Help/>
                    <ValidationType>D</ValidationType>
                    <IsActive>Y</IsActive>
                    <VFormat/>
                    <EntityType>D</EntityType>
                    <IsOrderByValue>N</IsOrderByValue>
                    <AD_Reference_UU>fea92a20-5ea7-445c-b010-101d74f5e124</AD_Reference_UU>
                    <AD_Element_ID reference="id"/>
                    <AD_Reference_Trl type="translation">
                        <Description>Fecha mm/dd/aaaa</Description>
                        <Help/>
                        <Name>Fecha</Name>
                        <AD_Language>es_CO</AD_Language>
                        <IsActive>Y</IsActive>
                        <IsTranslated>Y</IsTranslated>
                    </AD_Reference_Trl>
                </AD_Reference>
                <AD_Element type="table">
                    <AD_Element_ID>617</AD_Element_ID>
                    <AD_Client_ID>0</AD_Client_ID>
                    <AD_Org_ID>0</AD_Org_ID>
                    <AD_Element_ID>617</AD_Element_ID>
                    <IsActive>Y</IsActive>
                    <ColumnName>ValidFrom</ColumnName>
                    <Name>Valid from</Name>
                    <Description>Valid from including this date (first day)</Description>
                    <Help>The Valid From date indicates the first day of a date range</Help>
                    <PrintName>Valid from</PrintName>
                    <PO_Description/>
                    <PO_Help/>
                    <PO_Name/>
                    <PO_PrintName/>
                    <EntityType>D</EntityType>
                    <AD_Element_UU>17eb4db3-d076-4245-9fd2-b7dca0cc6c14</AD_Element_UU>
                    <Placeholder/>
                    <AD_Element_Trl type="translation">
                        <Description>Válido desde; incluyendo esta fecha (primer día)</Description>
                        <Help>La fecha válida desde indica el primer día de un rango de fechas</Help>
                        <Name>Válido Desde</Name>
                        <Placeholder/>
                        <PO_Description/>
                        <PO_Help/>
                        <PO_Name/>
                        <PO_PrintName/>
                        <PrintName>Válido Desde</PrintName>
                        <AD_Language>es_CO</AD_Language>
                        <IsActive>Y</IsActive>
                        <IsTranslated>Y</IsTranslated>
                    </AD_Element_Trl>
                </AD_Element>
                <AD_Process_Para type="table">
                    <AD_Client_ID>0</AD_Client_ID>
                    <AD_Org_ID>0</AD_Org_ID>
                    <IsActive>Y</IsActive>
                    <Name>Valid from</Name>
                    <Description>Valid from including this date (first day)</Description>
                    <Help>The Valid From date indicates the first day of a date range</Help>
                    <AD_Process_ID reference="uuid" reference-key="AD_Process">9804f5a1-95e8-4fbe-bb55-6ef61d27ca9a</AD_Process_ID>
                    <SeqNo>40</SeqNo>
                    <AD_Reference_ID reference="id">15</AD_Reference_ID>
                    <AD_Reference_Value_ID reference="id"/>
                    <IsRange>N</IsRange>
                    <AD_Val_Rule_ID reference="id"/>
                    <FieldLength>0</FieldLength>
                    <IsMandatory>N</IsMandatory>
                    <DefaultValue/>
                    <VFormat/>
                    <ValueMin/>
                    <ValueMax/>
                    <ColumnName>ValidFrom</ColumnName>
                    <DefaultValue2/>
                    <IsCentrallyMaintained>Y</IsCentrallyMaintained>
                    <EntityType>ING_Payroll</EntityType>
                    <AD_Element_ID reference="id">617</AD_Element_ID>
                    <ReadOnlyLogic/>
                    <DisplayLogic/>
                    <AD_Process_Para_UU>f6a8befa-e648-4f8c-bcd2-1a060f4bbf1f</AD_Process_Para_UU>
                    <IsEncrypted>N</IsEncrypted>
                    <MandatoryLogic/>
                    <Placeholder/>
                    <Placeholder2/>
                    <AD_Process_Para_Trl type="translation">
                        <Description>Válido desde; incluyendo esta fecha (primer día)</Description>
                        <Help>La fecha válida desde indica el primer día de un rango de fechas</Help>
                        <Name>Válido Desde</Name>
                        <Placeholder/>
                        <Placeholder2/>
                        <AD_Language>es_CO</AD_Language>
                        <IsActive>Y</IsActive>
                        <IsTranslated>Y</IsTranslated>
                    </AD_Process_Para_Trl>
                </AD_Process_Para>
                <AD_Element type="table">
                    <AD_Element_ID>618</AD_Element_ID>
                    <AD_Client_ID>0</AD_Client_ID>
                    <AD_Org_ID>0</AD_Org_ID>
                    <AD_Element_ID>618</AD_Element_ID>
                    <IsActive>Y</IsActive>
                    <ColumnName>ValidTo</ColumnName>
                    <Name>Valid to</Name>
                    <Description>Valid to including this date (last day)</Description>
                    <Help>The Valid To date indicates the last day of a date range</Help>
                    <PrintName>Valid to</PrintName>
                    <PO_Description/>
                    <PO_Help/>
                    <PO_Name/>
                    <PO_PrintName/>
                    <EntityType>D</EntityType>
                    <AD_Element_UU>954cd3f9-a797-4629-840f-10eb6dcbdf17</AD_Element_UU>
                    <Placeholder/>
                    <AD_Element_Trl type="translation">
                        <Description>Válido hasta; incluyendo esta fecha (ultimo día)</Description>
                        <Help>La fecha válida hasta indica el último día de un rango de fechas</Help>
                        <Name>Válido Hasta</Name>
                        <Placeholder/>
                        <PO_Description/>
                        <PO_Help/>
                        <PO_Name/>
                        <PO_PrintName/>
                        <PrintName>Válido Hasta</PrintName>
                        <AD_Language>es_CO</AD_Language>
                        <IsActive>Y</IsActive>
                        <IsTranslated>Y</IsTranslated>
                    </AD_Element_Trl>
                </AD_Element>
                <AD_Process_Para type="table">
                    <AD_Client_ID>0</AD_Client_ID>
                    <AD_Org_ID>0</AD_Org_ID>
                    <IsActive>Y</IsActive>
                    <Name>Valid to</Name>
                    <Description>Valid to including this date (last day)</Description>
                    <Help>The Valid To date indicates the last day of a date range</Help>
                    <AD_Process_ID reference="uuid" reference-key="AD_Process">9804f5a1-95e8-4fbe-bb55-6ef61d27ca9a</AD_Process_ID>
                    <SeqNo>50</SeqNo>
                    <AD_Reference_ID reference="id">15</AD_Reference_ID>
                    <AD_Reference_Value_ID reference="id"/>
                    <IsRange>N</IsRange>
                    <AD_Val_Rule_ID reference="id"/>
                    <FieldLength>0</FieldLength>
                    <IsMandatory>N</IsMandatory>
                    <DefaultValue/>
                    <VFormat/>
                    <ValueMin/>
                    <ValueMax/>
                    <ColumnName>ValidTo</ColumnName>
                    <DefaultValue2/>
                    <IsCentrallyMaintained>Y</IsCentrallyMaintained>
                    <EntityType>ING_Payroll</EntityType>
                    <AD_Element_ID reference="id">618</AD_Element_ID>
                    <ReadOnlyLogic/>
                    <DisplayLogic/>
                    <AD_Process_Para_UU>ceda3544-8aaf-4220-ad72-3ad88d08c1f5</AD_Process_Para_UU>
                    <IsEncrypted>N</IsEncrypted>
                    <MandatoryLogic/>
                    <Placeholder/>
                    <Placeholder2/>
                    <AD_Process_Para_Trl type="translation">
                        <Description>Válido hasta; incluyendo esta fecha (ultimo día)</Description>
                        <Help>La fecha válida hasta indica el último día de un rango de fechas</Help>
                        <Name>Válido Hasta</Name>
                        <Placeholder/>
                        <Placeholder2/>
                        <AD_Language>es_CO</AD_Language>
                        <IsActive>Y</IsActive>
                        <IsTranslated>Y</IsTranslated>
                    </AD_Process_Para_Trl>
                </AD_Process_Para>
                <AD_Element type="table">
                    <AD_Element_ID>53407</AD_Element_ID>
                    <AD_Client_ID>0</AD_Client_ID>
                    <AD_Org_ID>0</AD_Org_ID>
                    <AD_Element_ID>53407</AD_Element_ID>
                    <IsActive>Y</IsActive>
                    <ColumnName>HR_Process_ID</ColumnName>
                    <Name>Payroll Process</Name>
                    <Description/>
                    <Help/>
                    <PrintName>Payroll Process</PrintName>
                    <PO_Description/>
                    <PO_Help/>
                    <PO_Name/>
                    <PO_PrintName/>
                    <EntityType>EE02</EntityType>
                    <AD_Element_UU>b845e21b-69a7-4607-a358-161b3c6e7ce7</AD_Element_UU>
                    <Placeholder/>
                    <AD_Element_Trl type="translation">
                        <Description/>
                        <Help/>
                        <Name>Proceso Nómina</Name>
                        <Placeholder/>
                        <PO_Description/>
                        <PO_Help/>
                        <PO_Name/>
                        <PO_PrintName/>
                        <PrintName>Proceso Nómina</PrintName>
                        <AD_Language>es_CO</AD_Language>
                        <IsActive>Y</IsActive>
                        <IsTranslated>Y</IsTranslated>
                    </AD_Element_Trl>
                </AD_Element>
                <AD_Process_Para type="table">
                    <AD_Client_ID>0</AD_Client_ID>
                    <AD_Org_ID>0</AD_Org_ID>
                    <IsActive>Y</IsActive>
                    <Name>Payroll Process</Name>
                    <Description/>
                    <Help/>
                    <AD_Process_ID reference="uuid" reference-key="AD_Process">9804f5a1-95e8-4fbe-bb55-6ef61d27ca9a</AD_Process_ID>
                    <SeqNo>10</SeqNo>
                    <AD_Reference_ID reference="id">30</AD_Reference_ID>
                    <AD_Reference_Value_ID reference="id"/>
                    <IsRange>N</IsRange>
                    <AD_Val_Rule_ID reference="id"/>
                    <FieldLength>0</FieldLength>
                    <IsMandatory>N</IsMandatory>
                    <DefaultValue>@HR_Process_ID@</DefaultValue>
                    <VFormat/>
                    <ValueMin/>
                    <ValueMax/>
                    <ColumnName>HR_Process_ID</ColumnName>
                    <DefaultValue2/>
                    <IsCentrallyMaintained>N</IsCentrallyMaintained>
                    <EntityType>ING_Payroll</EntityType>
                    <AD_Element_ID reference="id">53407</AD_Element_ID>
                    <ReadOnlyLogic/>
                    <DisplayLogic/>
                    <AD_Process_Para_UU>e36962f8-a351-4f76-83c0-5e27dd0c0e13</AD_Process_Para_UU>
                    <IsEncrypted>N</IsEncrypted>
                    <MandatoryLogic/>
                    <Placeholder/>
                    <Placeholder2/>
                    <AD_Process_Para_Trl type="translation">
                        <Description/>
                        <Help/>
                        <Name>Payroll Process</Name>
                        <Placeholder/>
                        <Placeholder2/>
                        <AD_Language>es_CO</AD_Language>
                        <IsActive>Y</IsActive>
                        <IsTranslated>N</IsTranslated>
                    </AD_Process_Para_Trl>
                </AD_Process_Para>
            </AD_Process>
        </AD_Menu>
        <AD_Menu type="table">
            <Parent_ID reference="uuid" reference-key="AD_Menu">0427bbed-69c7-45f3-afdd-699302b9d714</Parent_ID>
            <SeqNo>0</SeqNo>
            <AD_Client_ID>0</AD_Client_ID>
            <AD_Org_ID>0</AD_Org_ID>
            <Name>SSO</Name>
            <Description>Seguro Social Obligatorio</Description>
            <Action>R</Action>
            <AD_Window_ID reference="id"/>
            <AD_Workflow_ID reference="id"/>
            <AD_Task_ID reference="id"/>
            <IsActive>Y</IsActive>
            <IsSummary>N</IsSummary>
            <AD_Process_ID reference="uuid" reference-key="AD_Process">9808e1a0-39b2-4318-aa68-32f656b04591</AD_Process_ID>
            <IsSOTrx>Y</IsSOTrx>
            <AD_Form_ID reference="id"/>
            <IsReadOnly>N</IsReadOnly>
            <EntityType>IVS</EntityType>
            <IsCentrallyMaintained>Y</IsCentrallyMaintained>
            <AD_Menu_UU>e73b50a4-27ab-4469-bd41-78729a5cdf17</AD_Menu_UU>
            <AD_InfoWindow_ID reference="id"/>
            <AD_Attachment type="table">
                <AD_Client_ID>0</AD_Client_ID>
                <AD_Org_ID>0</AD_Org_ID>
                <IsActive>Y</IsActive>
                <AD_Table_ID reference="id">284</AD_Table_ID>
                <Record_ID reference="uuid" reference-key="AD_Process">9808e1a0-39b2-4318-aa68-32f656b04591</Record_ID>
                <BinaryData>2.dat|byte[]</BinaryData>
                <Title>zip</Title>
                <TextMsg/>
                <AD_Attachment_UU>2f3380fe-19bc-4ee5-9064-3e4da94ef4e6</AD_Attachment_UU>
            </AD_Attachment>
            <AD_Process type="table">
                <AD_Client_ID>0</AD_Client_ID>
                <AD_Org_ID>0</AD_Org_ID>
                <IsActive>Y</IsActive>
                <Name>SSO</Name>
                <Description>Seguro Social Obligatorio</Description>
                <Help/>
                <ProcedureName/>
                <IsReport>Y</IsReport>
                <Value>HR_SSO</Value>
                <IsDirectPrint>N</IsDirectPrint>
                <AD_ReportView_ID reference="id"/>
                <Classname/>
                <AccessLevel>3</AccessLevel>
                <EntityType>IVS</EntityType>
                <Statistic_Count>0</Statistic_Count>
                <Statistic_Seconds>0</Statistic_Seconds>
                <AD_PrintFormat_ID reference="id"/>
                <WorkflowValue/>
                <AD_Workflow_ID reference="id"/>
                <IsBetaFunctionality>N</IsBetaFunctionality>
                <IsServerProcess>N</IsServerProcess>
                <ShowHelp>Y</ShowHelp>
                <JasperReport>attachment:HR_SSO.jasper</JasperReport>
                <AD_Form_ID reference="id"/>
                <CopyFromProcess>N</CopyFromProcess>
                <AD_Process_UU>9808e1a0-39b2-4318-aa68-32f656b04591</AD_Process_UU>
                <AD_CtxHelp_ID reference="id"/>
                <ExecutionType/>
                <AllowMultipleExecution>P</AllowMultipleExecution>
                <AD_Process_Trl type="translation">
                    <Description>Seguro Social Obligatorio</Description>
                    <Help/>
                    <Name>Reporte SSO</Name>
                    <AD_Language>es_CO</AD_Language>
                    <IsActive>Y</IsActive>
                    <IsTranslated>Y</IsTranslated>
                </AD_Process_Trl>
                <AD_Element type="table">
                    <AD_Element_ID>113</AD_Element_ID>
                    <AD_Client_ID>0</AD_Client_ID>
                    <AD_Org_ID>0</AD_Org_ID>
                    <AD_Element_ID>113</AD_Element_ID>
                    <IsActive>Y</IsActive>
                    <ColumnName>AD_Org_ID</ColumnName>
                    <Name>Organization</Name>
                    <Description>Organizational entity within client</Description>
                    <Help>An organization is a unit of your client or legal entity - examples are store, department. You can share data between organizations.</Help>
                    <PrintName>Organization</PrintName>
                    <PO_Description/>
                    <PO_Help/>
                    <PO_Name/>
                    <PO_PrintName/>
                    <EntityType>D</EntityType>
                    <AD_Element_UU>d8103f72-3282-4298-9ed4-360b12abc9d2</AD_Element_UU>
                    <Placeholder/>
                    <AD_Element_Trl type="translation">
                        <Description>Entidad organizacional dentro del grupo empresarial</Description>
                        <Help>Una organización es una unidad del grupo empresarial o entidad legal - Ej. Tiendas y departamentos. Es posible compartir datos entre organizaciones.</Help>
                        <Name>Organización</Name>
                        <Placeholder/>
                        <PO_Description/>
                        <PO_Help/>
                        <PO_Name/>
                        <PO_PrintName/>
                        <PrintName>Organización</PrintName>
                        <AD_Language>es_CO</AD_Language>
                        <IsActive>Y</IsActive>
                        <IsTranslated>Y</IsTranslated>
                    </AD_Element_Trl>
                </AD_Element>
                <AD_Process_Para type="table">
                    <AD_Client_ID>0</AD_Client_ID>
                    <AD_Org_ID>0</AD_Org_ID>
                    <IsActive>Y</IsActive>
                    <Name>Organization</Name>
                    <Description>Organizational entity within client</Description>
                    <Help>An organization is a unit of your client or legal entity - examples are store, department. You can share data between organizations.</Help>
                    <AD_Process_ID reference="uuid" reference-key="AD_Process">9808e1a0-39b2-4318-aa68-32f656b04591</AD_Process_ID>
                    <SeqNo>10</SeqNo>
                    <AD_Reference_ID reference="id">19</AD_Reference_ID>
                    <AD_Reference_Value_ID reference="id"/>
                    <IsRange>N</IsRange>
                    <AD_Val_Rule_ID reference="id"/>
                    <FieldLength>0</FieldLength>
                    <IsMandatory>N</IsMandatory>
                    <DefaultValue/>
                    <VFormat/>
                    <ValueMin/>
                    <ValueMax/>
                    <ColumnName>AD_Org_ID</ColumnName>
                    <DefaultValue2/>
                    <IsCentrallyMaintained>Y</IsCentrallyMaintained>
                    <EntityType>IVS</EntityType>
                    <AD_Element_ID reference="id">113</AD_Element_ID>
                    <ReadOnlyLogic/>
                    <DisplayLogic/>
                    <AD_Process_Para_UU>1b4dc312-f672-49a0-b409-332526364c5d</AD_Process_Para_UU>
                    <IsEncrypted>N</IsEncrypted>
                    <MandatoryLogic/>
                    <Placeholder/>
                    <Placeholder2/>
                    <AD_Process_Para_Trl type="translation">
                        <Description>Entidad organizacional dentro del grupo empresarial</Description>
                        <Help>Una organización es una unidad del grupo empresarial o entidad legal - Ej. Tiendas y departamentos. Es posible compartir datos entre organizaciones.</Help>
                        <Name>Organización</Name>
                        <Placeholder/>
                        <Placeholder2/>
                        <AD_Language>es_CO</AD_Language>
                        <IsActive>Y</IsActive>
                        <IsTranslated>Y</IsTranslated>
                    </AD_Process_Para_Trl>
                </AD_Process_Para>
                <AD_Element type="table">
                    <AD_Element_ID>53390</AD_Element_ID>
                    <AD_Client_ID>0</AD_Client_ID>
                    <AD_Org_ID>0</AD_Org_ID>
                    <AD_Element_ID>53390</AD_Element_ID>
                    <IsActive>Y</IsActive>
                    <ColumnName>HR_Department_ID</ColumnName>
                    <Name>Payroll Department</Name>
                    <Description/>
                    <Help/>
                    <PrintName>Payroll Department</PrintName>
                    <PO_Description/>
                    <PO_Help/>
                    <PO_Name/>
                    <PO_PrintName/>
                    <EntityType>EE02</EntityType>
                    <AD_Element_UU>9504336a-78c4-4e72-a10d-da3d18cddca9</AD_Element_UU>
                    <Placeholder/>
                    <AD_Element_Trl type="translation">
                        <Description/>
                        <Help/>
                        <Name>Departamento Nómina</Name>
                        <Placeholder/>
                        <PO_Description/>
                        <PO_Help/>
                        <PO_Name/>
                        <PO_PrintName/>
                        <PrintName>Departamento Nómina</PrintName>
                        <AD_Language>es_CO</AD_Language>
                        <IsActive>Y</IsActive>
                        <IsTranslated>Y</IsTranslated>
                    </AD_Element_Trl>
                </AD_Element>
                <AD_Process_Para type="table">
                    <AD_Client_ID>0</AD_Client_ID>
                    <AD_Org_ID>0</AD_Org_ID>
                    <IsActive>Y</IsActive>
                    <Name>Payroll Department</Name>
                    <Description/>
                    <Help/>
                    <AD_Process_ID reference="uuid" reference-key="AD_Process">9808e1a0-39b2-4318-aa68-32f656b04591</AD_Process_ID>
                    <SeqNo>20</SeqNo>
                    <AD_Reference_ID reference="id">19</AD_Reference_ID>
                    <AD_Reference_Value_ID reference="id"/>
                    <IsRange>N</IsRange>
                    <AD_Val_Rule_ID reference="id"/>
                    <FieldLength>0</FieldLength>
                    <IsMandatory>N</IsMandatory>
                    <DefaultValue/>
                    <VFormat/>
                    <ValueMin/>
                    <ValueMax/>
                    <ColumnName>HR_Department_ID</ColumnName>
                    <DefaultValue2/>
                    <IsCentrallyMaintained>Y</IsCentrallyMaintained>
                    <EntityType>IVS</EntityType>
                    <AD_Element_ID reference="id">53390</AD_Element_ID>
                    <ReadOnlyLogic/>
                    <DisplayLogic/>
                    <AD_Process_Para_UU>157b58e1-b51c-4e72-a3de-e32f0b357333</AD_Process_Para_UU>
                    <IsEncrypted>N</IsEncrypted>
                    <MandatoryLogic/>
                    <Placeholder/>
                    <Placeholder2/>
                    <AD_Process_Para_Trl type="translation">
                        <Description/>
                        <Help/>
                        <Name>Departamento Nómina</Name>
                        <Placeholder/>
                        <Placeholder2/>
                        <AD_Language>es_CO</AD_Language>
                        <IsActive>Y</IsActive>
                        <IsTranslated>Y</IsTranslated>
                    </AD_Process_Para_Trl>
                </AD_Process_Para>
                <AD_Element type="table">
                    <AD_Element_ID>53389</AD_Element_ID>
                    <AD_Client_ID>0</AD_Client_ID>
                    <AD_Org_ID>0</AD_Org_ID>
                    <AD_Element_ID>53389</AD_Element_ID>
                    <IsActive>Y</IsActive>
                    <ColumnName>HR_Contract_ID</ColumnName>
                    <Name>Payroll Contract</Name>
                    <Description/>
                    <Help/>
                    <PrintName>Payroll Contract</PrintName>
                    <PO_Description/>
                    <PO_Help/>
                    <PO_Name/>
                    <PO_PrintName/>
                    <EntityType>ING_Payroll</EntityType>
                    <AD_Element_UU>b5532a8f-84d6-491d-99da-c5f2a4185e20</AD_Element_UU>
                    <Placeholder/>
                    <AD_Element_Trl type="translation">
                        <Description/>
                        <Help/>
                        <Name>Contrato de Nómina</Name>
                        <Placeholder/>
                        <PO_Description/>
                        <PO_Help/>
                        <PO_Name/>
                        <PO_PrintName/>
                        <PrintName>Contrato de Nómina</PrintName>
                        <AD_Language>es_CO</AD_Language>
                        <IsActive>Y</IsActive>
                        <IsTranslated>Y</IsTranslated>
                    </AD_Element_Trl>
                </AD_Element>
                <AD_Process_Para type="table">
                    <AD_Client_ID>0</AD_Client_ID>
                    <AD_Org_ID>0</AD_Org_ID>
                    <IsActive>Y</IsActive>
                    <Name>Payroll Contract</Name>
                    <Description/>
                    <Help/>
                    <AD_Process_ID reference="uuid" reference-key="AD_Process">9808e1a0-39b2-4318-aa68-32f656b04591</AD_Process_ID>
                    <SeqNo>30</SeqNo>
                    <AD_Reference_ID reference="id">19</AD_Reference_ID>
                    <AD_Reference_Value_ID reference="id"/>
                    <IsRange>N</IsRange>
                    <AD_Val_Rule_ID reference="id"/>
                    <FieldLength>0</FieldLength>
                    <IsMandatory>N</IsMandatory>
                    <DefaultValue/>
                    <VFormat/>
                    <ValueMin/>
                    <ValueMax/>
                    <ColumnName>HR_Contract_ID</ColumnName>
                    <DefaultValue2/>
                    <IsCentrallyMaintained>Y</IsCentrallyMaintained>
                    <EntityType>IVS</EntityType>
                    <AD_Element_ID reference="id">53389</AD_Element_ID>
                    <ReadOnlyLogic/>
                    <DisplayLogic/>
                    <AD_Process_Para_UU>f4c69e02-596e-460f-a6c0-7ce5a52e210e</AD_Process_Para_UU>
                    <IsEncrypted>N</IsEncrypted>
                    <MandatoryLogic/>
                    <Placeholder/>
                    <Placeholder2/>
                    <AD_Process_Para_Trl type="translation">
                        <Description/>
                        <Help/>
                        <Name>Contrato de Nómina</Name>
                        <Placeholder/>
                        <Placeholder2/>
                        <AD_Language>es_CO</AD_Language>
                        <IsActive>Y</IsActive>
                        <IsTranslated>Y</IsTranslated>
                    </AD_Process_Para_Trl>
                </AD_Process_Para>
                <AD_Reference type="table">
                    <AD_Reference_ID>53253</AD_Reference_ID>
                    <AD_Client_ID>0</AD_Client_ID>
                    <AD_Org_ID>0</AD_Org_ID>
                    <AD_Reference_ID>53253</AD_Reference_ID>
                    <Name>HR_Process</Name>
                    <Description/>
                    <Help/>
                    <ValidationType>T</ValidationType>
                    <IsActive>Y</IsActive>
                    <VFormat/>
                    <EntityType>ING_Payroll</EntityType>
                    <IsOrderByValue>N</IsOrderByValue>
                    <AD_Reference_UU>10d547b8-6496-4510-a15c-51764b831617</AD_Reference_UU>
                    <AD_Element_ID reference="id"/>
                    <AD_Reference_Trl type="translation">
                        <Description/>
                        <Help/>
                        <Name>HR_Process</Name>
                        <AD_Language>es_CO</AD_Language>
                        <IsActive>Y</IsActive>
                        <IsTranslated>Y</IsTranslated>
                    </AD_Reference_Trl>
                    <AD_Ref_Table type="table">
                        <AD_Reference_ID>53253</AD_Reference_ID>
                        <AD_Client_ID>0</AD_Client_ID>
                        <AD_Org_ID>0</AD_Org_ID>
                        <AD_Reference_ID reference="id">53253</AD_Reference_ID>
                        <AD_Table_ID reference="id">53092</AD_Table_ID>
                        <WhereClause/>
                        <OrderByClause/>
                        <IsActive>Y</IsActive>
                        <IsValueDisplayed>N</IsValueDisplayed>
                        <EntityType>ING_Payroll</EntityType>
                        <AD_Window_ID reference="id"/>
                        <AD_Ref_Table_UU>f48395be-3683-4bbc-a86b-a6a419a02e4c</AD_Ref_Table_UU>
                        <AD_InfoWindow_ID reference="id"/>
                        <AD_Display reference="id">54870</AD_Display>
                        <AD_Key reference="id">54860</AD_Key>
                    </AD_Ref_Table>
                </AD_Reference>
                <AD_Process_Para type="table">
                    <AD_Client_ID>0</AD_Client_ID>
                    <AD_Org_ID>0</AD_Org_ID>
                    <IsActive>Y</IsActive>
                    <Name>Payroll Process</Name>
                    <Description/>
                    <Help/>
                    <AD_Process_ID reference="uuid" reference-key="AD_Process">9808e1a0-39b2-4318-aa68-32f656b04591</AD_Process_ID>
                    <SeqNo>40</SeqNo>
                    <AD_Reference_ID reference="id">30</AD_Reference_ID>
                    <AD_Reference_Value_ID reference="id">53253</AD_Reference_Value_ID>
                    <IsRange>N</IsRange>
                    <AD_Val_Rule_ID reference="id"/>
                    <FieldLength>0</FieldLength>
                    <IsMandatory>N</IsMandatory>
                    <DefaultValue/>
                    <VFormat/>
                    <ValueMin/>
                    <ValueMax/>
                    <ColumnName>HR_Process_ID</ColumnName>
                    <DefaultValue2/>
                    <IsCentrallyMaintained>Y</IsCentrallyMaintained>
                    <EntityType>IVS</EntityType>
                    <AD_Element_ID reference="id">53407</AD_Element_ID>
                    <ReadOnlyLogic/>
                    <DisplayLogic/>
                    <AD_Process_Para_UU>fb00835b-2fef-4d32-94ac-65ca23a40675</AD_Process_Para_UU>
                    <IsEncrypted>N</IsEncrypted>
                    <MandatoryLogic/>
                    <Placeholder/>
                    <Placeholder2/>
                    <AD_Process_Para_Trl type="translation">
                        <Description/>
                        <Help/>
                        <Name>Proceso Nómina</Name>
                        <Placeholder/>
                        <Placeholder2/>
                        <AD_Language>es_CO</AD_Language>
                        <IsActive>Y</IsActive>
                        <IsTranslated>Y</IsTranslated>
                    </AD_Process_Para_Trl>
                </AD_Process_Para>
                <AD_Process_Para type="table">
                    <AD_Client_ID>0</AD_Client_ID>
                    <AD_Org_ID>0</AD_Org_ID>
                    <IsActive>Y</IsActive>
                    <Name>Valid from</Name>
                    <Description>Valid from including this date (first day)</Description>
                    <Help>The Valid From date indicates the first day of a date range</Help>
                    <AD_Process_ID reference="uuid" reference-key="AD_Process">9808e1a0-39b2-4318-aa68-32f656b04591</AD_Process_ID>
                    <SeqNo>50</SeqNo>
                    <AD_Reference_ID reference="id">15</AD_Reference_ID>
                    <AD_Reference_Value_ID reference="id"/>
                    <IsRange>N</IsRange>
                    <AD_Val_Rule_ID reference="id"/>
                    <FieldLength>0</FieldLength>
                    <IsMandatory>N</IsMandatory>
                    <DefaultValue/>
                    <VFormat/>
                    <ValueMin/>
                    <ValueMax/>
                    <ColumnName>ValidFrom</ColumnName>
                    <DefaultValue2/>
                    <IsCentrallyMaintained>Y</IsCentrallyMaintained>
                    <EntityType>IVS</EntityType>
                    <AD_Element_ID reference="id">617</AD_Element_ID>
                    <ReadOnlyLogic/>
                    <DisplayLogic/>
                    <AD_Process_Para_UU>2e30a8de-1b73-4444-b6f4-27ef4e81e5c3</AD_Process_Para_UU>
                    <IsEncrypted>N</IsEncrypted>
                    <MandatoryLogic/>
                    <Placeholder/>
                    <Placeholder2/>
                    <AD_Process_Para_Trl type="translation">
                        <Description>Válido desde; incluyendo esta fecha (primer día)</Description>
                        <Help>La fecha válida desde indica el primer día de un rango de fechas</Help>
                        <Name>Válido Desde</Name>
                        <Placeholder/>
                        <Placeholder2/>
                        <AD_Language>es_CO</AD_Language>
                        <IsActive>Y</IsActive>
                        <IsTranslated>Y</IsTranslated>
                    </AD_Process_Para_Trl>
                </AD_Process_Para>
                <AD_Process_Para type="table">
                    <AD_Client_ID>0</AD_Client_ID>
                    <AD_Org_ID>0</AD_Org_ID>
                    <IsActive>Y</IsActive>
                    <Name>Valid to</Name>
                    <Description>Valid to including this date (last day)</Description>
                    <Help>The Valid To date indicates the last day of a date range</Help>
                    <AD_Process_ID reference="uuid" reference-key="AD_Process">9808e1a0-39b2-4318-aa68-32f656b04591</AD_Process_ID>
                    <SeqNo>60</SeqNo>
                    <AD_Reference_ID reference="id">15</AD_Reference_ID>
                    <AD_Reference_Value_ID reference="id"/>
                    <IsRange>N</IsRange>
                    <AD_Val_Rule_ID reference="id"/>
                    <FieldLength>0</FieldLength>
                    <IsMandatory>N</IsMandatory>
                    <DefaultValue>@Date@</DefaultValue>
                    <VFormat/>
                    <ValueMin/>
                    <ValueMax/>
                    <ColumnName>ValidTo</ColumnName>
                    <DefaultValue2/>
                    <IsCentrallyMaintained>Y</IsCentrallyMaintained>
                    <EntityType>IVS</EntityType>
                    <AD_Element_ID reference="id">618</AD_Element_ID>
                    <ReadOnlyLogic/>
                    <DisplayLogic/>
                    <AD_Process_Para_UU>6007cd2f-d653-4f00-91fa-7cec343b0db4</AD_Process_Para_UU>
                    <IsEncrypted>N</IsEncrypted>
                    <MandatoryLogic/>
                    <Placeholder/>
                    <Placeholder2/>
                    <AD_Process_Para_Trl type="translation">
                        <Description>Válido hasta; incluyendo esta fecha (ultimo día)</Description>
                        <Help>La fecha válida hasta indica el último día de un rango de fechas</Help>
                        <Name>Válido Hasta</Name>
                        <Placeholder/>
                        <Placeholder2/>
                        <AD_Language>es_CO</AD_Language>
                        <IsActive>Y</IsActive>
                        <IsTranslated>Y</IsTranslated>
                    </AD_Process_Para_Trl>
                </AD_Process_Para>
            </AD_Process>
        </AD_Menu>
        <AD_Menu type="table">
            <Parent_ID reference="uuid" reference-key="AD_Menu">0427bbed-69c7-45f3-afdd-699302b9d714</Parent_ID>
            <SeqNo>1</SeqNo>
            <AD_Client_ID>0</AD_Client_ID>
            <AD_Org_ID>0</AD_Org_ID>
            <Name>Allocations and Deductions</Name>
            <Description/>
            <Action>R</Action>
            <AD_Window_ID reference="id"/>
            <AD_Workflow_ID reference="id"/>
            <AD_Task_ID reference="id"/>
            <IsActive>Y</IsActive>
            <IsSummary>N</IsSummary>
            <AD_Process_ID reference="uuid" reference-key="AD_Process">da9046af-bc62-47b7-8171-f7e72ec75b26</AD_Process_ID>
            <IsSOTrx>N</IsSOTrx>
            <AD_Form_ID reference="id"/>
            <IsReadOnly>N</IsReadOnly>
            <EntityType>ING_Payroll</EntityType>
            <IsCentrallyMaintained>N</IsCentrallyMaintained>
            <AD_Menu_UU>54883f19-b651-4555-8b78-98023d7c3967</AD_Menu_UU>
            <AD_InfoWindow_ID reference="id"/>
            <AD_Attachment type="table">
                <AD_Client_ID>0</AD_Client_ID>
                <AD_Org_ID>0</AD_Org_ID>
                <IsActive>Y</IsActive>
                <AD_Table_ID reference="id">284</AD_Table_ID>
                <Record_ID reference="uuid" reference-key="AD_Process">da9046af-bc62-47b7-8171-f7e72ec75b26</Record_ID>
                <BinaryData>3.dat|byte[]</BinaryData>
                <Title>zip</Title>
                <TextMsg/>
                <AD_Attachment_UU>ebe8cc96-e050-45a5-986d-37610d220181</AD_Attachment_UU>
            </AD_Attachment>
            <AD_Process type="table">
                <AD_Client_ID>0</AD_Client_ID>
                <AD_Org_ID>0</AD_Org_ID>
                <IsActive>Y</IsActive>
                <Name>Allocations and Deductions</Name>
                <Description/>
                <Help/>
                <ProcedureName/>
                <IsReport>Y</IsReport>
                <Value>HR_Allocations_Deductions</Value>
                <IsDirectPrint>N</IsDirectPrint>
                <AD_ReportView_ID reference="id">0</AD_ReportView_ID>
                <Classname/>
                <AccessLevel>3</AccessLevel>
                <EntityType>ING_Payroll</EntityType>
                <Statistic_Count>0</Statistic_Count>
                <Statistic_Seconds>0</Statistic_Seconds>
                <AD_PrintFormat_ID reference="id"/>
                <WorkflowValue/>
                <AD_Workflow_ID reference="id"/>
                <IsBetaFunctionality>N</IsBetaFunctionality>
                <IsServerProcess>N</IsServerProcess>
                <ShowHelp>Y</ShowHelp>
                <JasperReport>attachment:HR_Allocations_Deductions.jasper</JasperReport>
                <AD_Form_ID reference="id"/>
                <CopyFromProcess>N</CopyFromProcess>
                <AD_Process_UU>da9046af-bc62-47b7-8171-f7e72ec75b26</AD_Process_UU>
                <AD_CtxHelp_ID reference="id"/>
                <ExecutionType/>
                <AllowMultipleExecution>P</AllowMultipleExecution>
                <AD_Process_Trl type="translation">
                    <Description/>
                    <Help/>
                    <Name>Asignaciones y Deducciones</Name>
                    <AD_Language>es_CO</AD_Language>
                    <IsActive>Y</IsActive>
                    <IsTranslated>Y</IsTranslated>
                </AD_Process_Trl>
                <AD_Reference type="table">
                    <AD_Reference_ID>130</AD_Reference_ID>
                    <AD_Client_ID>0</AD_Client_ID>
                    <AD_Org_ID>0</AD_Org_ID>
                    <AD_Reference_ID>130</AD_Reference_ID>
                    <Name>AD_Org (Trx)</Name>
                    <Description>Organization selection, no summary, no 0</Description>
                    <Help/>
                    <ValidationType>T</ValidationType>
                    <IsActive>Y</IsActive>
                    <VFormat/>
                    <EntityType>D</EntityType>
                    <IsOrderByValue>N</IsOrderByValue>
                    <AD_Reference_UU>588e8e7e-ed95-4003-b78e-3e98a1fb1fd9</AD_Reference_UU>
                    <AD_Element_ID reference="id"/>
                    <AD_Reference_Trl type="translation">
                        <Description>Selección de Organización; no resumen; no 0</Description>
                        <Help/>
                        <Name>AD_Org (Trx)</Name>
                        <AD_Language>es_CO</AD_Language>
                        <IsActive>Y</IsActive>
                        <IsTranslated>Y</IsTranslated>
                    </AD_Reference_Trl>
                    <AD_Ref_Table type="table">
                        <AD_Reference_ID>130</AD_Reference_ID>
                        <AD_Client_ID>0</AD_Client_ID>
                        <AD_Org_ID>0</AD_Org_ID>
                        <AD_Reference_ID reference="id">130</AD_Reference_ID>
                        <AD_Table_ID reference="id">155</AD_Table_ID>
                        <WhereClause>AD_Org.IsSummary='N' AND AD_Org_ID &lt;&gt; 0</WhereClause>
                        <OrderByClause>AD_Org.Name</OrderByClause>
                        <IsActive>Y</IsActive>
                        <IsValueDisplayed>Y</IsValueDisplayed>
                        <EntityType>D</EntityType>
                        <AD_Window_ID reference="id"/>
                        <AD_Ref_Table_UU>a795fd42-ca49-4d1a-b964-85455f854b37</AD_Ref_Table_UU>
                        <AD_InfoWindow_ID reference="id"/>
                        <AD_Display reference="id">522</AD_Display>
                        <AD_Key reference="id">528</AD_Key>
                    </AD_Ref_Table>
                </AD_Reference>
                <AD_Process_Para type="table">
                    <AD_Client_ID>0</AD_Client_ID>
                    <AD_Org_ID>0</AD_Org_ID>
                    <IsActive>Y</IsActive>
                    <Name>Organization</Name>
                    <Description>Organizational entity within client</Description>
                    <Help>An organization is a unit of your client or legal entity - examples are store, department. You can share data between organizations.</Help>
                    <AD_Process_ID reference="uuid" reference-key="AD_Process">da9046af-bc62-47b7-8171-f7e72ec75b26</AD_Process_ID>
                    <SeqNo>10</SeqNo>
                    <AD_Reference_ID reference="id">19</AD_Reference_ID>
                    <AD_Reference_Value_ID reference="id">130</AD_Reference_Value_ID>
                    <IsRange>N</IsRange>
                    <AD_Val_Rule_ID reference="id"/>
                    <FieldLength>0</FieldLength>
                    <IsMandatory>N</IsMandatory>
                    <DefaultValue/>
                    <VFormat/>
                    <ValueMin/>
                    <ValueMax/>
                    <ColumnName>AD_Org_ID</ColumnName>
                    <DefaultValue2/>
                    <IsCentrallyMaintained>Y</IsCentrallyMaintained>
                    <EntityType>ING_Payroll</EntityType>
                    <AD_Element_ID reference="id">113</AD_Element_ID>
                    <ReadOnlyLogic/>
                    <DisplayLogic/>
                    <AD_Process_Para_UU>a02ac9f9-fed3-4e17-9548-642ad4902bde</AD_Process_Para_UU>
                    <IsEncrypted>N</IsEncrypted>
                    <MandatoryLogic/>
                    <Placeholder/>
                    <Placeholder2/>
                    <AD_Process_Para_Trl type="translation">
                        <Description>Entidad organizacional dentro del grupo empresarial</Description>
                        <Help>Una organización es una unidad del grupo empresarial o entidad legal - Ej. Tiendas y departamentos. Es posible compartir datos entre organizaciones.</Help>
                        <Name>Organización</Name>
                        <Placeholder/>
                        <Placeholder2/>
                        <AD_Language>es_CO</AD_Language>
                        <IsActive>Y</IsActive>
                        <IsTranslated>Y</IsTranslated>
                    </AD_Process_Para_Trl>
                </AD_Process_Para>
                <AD_Process_Para type="table">
                    <AD_Client_ID>0</AD_Client_ID>
                    <AD_Org_ID>0</AD_Org_ID>
                    <IsActive>Y</IsActive>
                    <Name>Payroll Department</Name>
                    <Description/>
                    <Help/>
                    <AD_Process_ID reference="uuid" reference-key="AD_Process">da9046af-bc62-47b7-8171-f7e72ec75b26</AD_Process_ID>
                    <SeqNo>20</SeqNo>
                    <AD_Reference_ID reference="id">19</AD_Reference_ID>
                    <AD_Reference_Value_ID reference="id"/>
                    <IsRange>N</IsRange>
                    <AD_Val_Rule_ID reference="id"/>
                    <FieldLength>0</FieldLength>
                    <IsMandatory>N</IsMandatory>
                    <DefaultValue/>
                    <VFormat/>
                    <ValueMin/>
                    <ValueMax/>
                    <ColumnName>HR_Department_ID</ColumnName>
                    <DefaultValue2/>
                    <IsCentrallyMaintained>Y</IsCentrallyMaintained>
                    <EntityType>ING_Payroll</EntityType>
                    <AD_Element_ID reference="id">53390</AD_Element_ID>
                    <ReadOnlyLogic/>
                    <DisplayLogic/>
                    <AD_Process_Para_UU>78ecec80-a3be-4525-81aa-e2671541d39e</AD_Process_Para_UU>
                    <IsEncrypted>N</IsEncrypted>
                    <MandatoryLogic/>
                    <Placeholder/>
                    <Placeholder2/>
                    <AD_Process_Para_Trl type="translation">
                        <Description/>
                        <Help/>
                        <Name>Departamento Nómina</Name>
                        <Placeholder/>
                        <Placeholder2/>
                        <AD_Language>es_CO</AD_Language>
                        <IsActive>Y</IsActive>
                        <IsTranslated>Y</IsTranslated>
                    </AD_Process_Para_Trl>
                </AD_Process_Para>
                <AD_Process_Para type="table">
                    <AD_Client_ID>0</AD_Client_ID>
                    <AD_Org_ID>0</AD_Org_ID>
                    <IsActive>Y</IsActive>
                    <Name>Valid from</Name>
                    <Description>Valid from including this date (first day)</Description>
                    <Help>The Valid From date indicates the first day of a date range</Help>
                    <AD_Process_ID reference="uuid" reference-key="AD_Process">da9046af-bc62-47b7-8171-f7e72ec75b26</AD_Process_ID>
                    <SeqNo>30</SeqNo>
                    <AD_Reference_ID reference="id">15</AD_Reference_ID>
                    <AD_Reference_Value_ID reference="id"/>
                    <IsRange>N</IsRange>
                    <AD_Val_Rule_ID reference="id"/>
                    <FieldLength>0</FieldLength>
                    <IsMandatory>Y</IsMandatory>
                    <DefaultValue/>
                    <VFormat/>
                    <ValueMin/>
                    <ValueMax/>
                    <ColumnName>ValidFrom</ColumnName>
                    <DefaultValue2/>
                    <IsCentrallyMaintained>Y</IsCentrallyMaintained>
                    <EntityType>ING_Payroll</EntityType>
                    <AD_Element_ID reference="id">617</AD_Element_ID>
                    <ReadOnlyLogic/>
                    <DisplayLogic/>
                    <AD_Process_Para_UU>55dda19b-edb1-40f0-a489-4c36de112afb</AD_Process_Para_UU>
                    <IsEncrypted>N</IsEncrypted>
                    <MandatoryLogic/>
                    <Placeholder/>
                    <Placeholder2/>
                    <AD_Process_Para_Trl type="translation">
                        <Description>Válido desde; incluyendo esta fecha (primer día)</Description>
                        <Help>La fecha válida desde indica el primer día de un rango de fechas</Help>
                        <Name>Válido Desde</Name>
                        <Placeholder/>
                        <Placeholder2/>
                        <AD_Language>es_CO</AD_Language>
                        <IsActive>Y</IsActive>
                        <IsTranslated>Y</IsTranslated>
                    </AD_Process_Para_Trl>
                </AD_Process_Para>
                <AD_Process_Para type="table">
                    <AD_Client_ID>0</AD_Client_ID>
                    <AD_Org_ID>0</AD_Org_ID>
                    <IsActive>Y</IsActive>
                    <Name>Valid to</Name>
                    <Description>Valid to including this date (last day)</Description>
                    <Help>The Valid To date indicates the last day of a date range</Help>
                    <AD_Process_ID reference="uuid" reference-key="AD_Process">da9046af-bc62-47b7-8171-f7e72ec75b26</AD_Process_ID>
                    <SeqNo>40</SeqNo>
                    <AD_Reference_ID reference="id">15</AD_Reference_ID>
                    <AD_Reference_Value_ID reference="id"/>
                    <IsRange>N</IsRange>
                    <AD_Val_Rule_ID reference="id"/>
                    <FieldLength>0</FieldLength>
                    <IsMandatory>Y</IsMandatory>
                    <DefaultValue/>
                    <VFormat/>
                    <ValueMin/>
                    <ValueMax/>
                    <ColumnName>ValidTo</ColumnName>
                    <DefaultValue2/>
                    <IsCentrallyMaintained>Y</IsCentrallyMaintained>
                    <EntityType>ING_Payroll</EntityType>
                    <AD_Element_ID reference="id">618</AD_Element_ID>
                    <ReadOnlyLogic/>
                    <DisplayLogic/>
                    <AD_Process_Para_UU>04de690a-84fd-4e5d-bd06-c7080ffc61b9</AD_Process_Para_UU>
                    <IsEncrypted>N</IsEncrypted>
                    <MandatoryLogic/>
                    <Placeholder/>
                    <Placeholder2/>
                    <AD_Process_Para_Trl type="translation">
                        <Description>Válido hasta; incluyendo esta fecha (ultimo día)</Description>
                        <Help>La fecha válida hasta indica el último día de un rango de fechas</Help>
                        <Name>Válido Hasta</Name>
                        <Placeholder/>
                        <Placeholder2/>
                        <AD_Language>es_CO</AD_Language>
                        <IsActive>Y</IsActive>
                        <IsTranslated>Y</IsTranslated>
                    </AD_Process_Para_Trl>
                </AD_Process_Para>
            </AD_Process>
        </AD_Menu>
        <AD_Menu type="table">
            <Parent_ID reference="uuid" reference-key="AD_Menu">0427bbed-69c7-45f3-afdd-699302b9d714</Parent_ID>
            <SeqNo>2</SeqNo>
            <AD_Client_ID>0</AD_Client_ID>
            <AD_Org_ID>0</AD_Org_ID>
            <Name>Payroll Report</Name>
            <Description/>
            <Action>R</Action>
            <AD_Window_ID reference="id"/>
            <AD_Workflow_ID reference="id"/>
            <AD_Task_ID reference="id"/>
            <IsActive>Y</IsActive>
            <IsSummary>N</IsSummary>
            <AD_Process_ID reference="uuid" reference-key="AD_Process">05e17ed9-594b-47b8-81fd-2216ae3d9bab</AD_Process_ID>
            <IsSOTrx>N</IsSOTrx>
            <AD_Form_ID reference="id"/>
            <IsReadOnly>N</IsReadOnly>
            <EntityType>ING_Payroll</EntityType>
            <IsCentrallyMaintained>Y</IsCentrallyMaintained>
            <AD_Menu_UU>02e9d137-9610-4f5d-b22c-9ef48c9b9b16</AD_Menu_UU>
            <AD_InfoWindow_ID reference="id"/>
            <AD_Attachment type="table">
                <AD_Client_ID>0</AD_Client_ID>
                <AD_Org_ID>0</AD_Org_ID>
                <IsActive>Y</IsActive>
                <AD_Table_ID reference="id">284</AD_Table_ID>
                <Record_ID reference="uuid" reference-key="AD_Process">05e17ed9-594b-47b8-81fd-2216ae3d9bab</Record_ID>
                <BinaryData>4.dat|byte[]</BinaryData>
                <Title>zip</Title>
                <TextMsg/>
                <AD_Attachment_UU>a813d823-535a-43d3-b5aa-28e6dd2901b1</AD_Attachment_UU>
            </AD_Attachment>
            <AD_Process type="table">
                <AD_Client_ID>0</AD_Client_ID>
                <AD_Org_ID>0</AD_Org_ID>
                <IsActive>Y</IsActive>
                <Name>Payroll Report</Name>
                <Description/>
                <Help/>
                <ProcedureName/>
                <IsReport>Y</IsReport>
                <Value>HR_Payroll_Report</Value>
                <IsDirectPrint>N</IsDirectPrint>
                <AD_ReportView_ID reference="id">0</AD_ReportView_ID>
                <Classname/>
                <AccessLevel>3</AccessLevel>
                <EntityType>ING_Payroll</EntityType>
                <Statistic_Count>0</Statistic_Count>
                <Statistic_Seconds>0</Statistic_Seconds>
                <AD_PrintFormat_ID reference="id"/>
                <WorkflowValue/>
                <AD_Workflow_ID reference="id"/>
                <IsBetaFunctionality>N</IsBetaFunctionality>
                <IsServerProcess>N</IsServerProcess>
                <ShowHelp>Y</ShowHelp>
                <JasperReport>attachment:HR_Payroll_Report.jasper</JasperReport>
                <AD_Form_ID reference="id"/>
                <CopyFromProcess>N</CopyFromProcess>
                <AD_Process_UU>05e17ed9-594b-47b8-81fd-2216ae3d9bab</AD_Process_UU>
                <AD_CtxHelp_ID reference="id"/>
                <ExecutionType/>
                <AllowMultipleExecution>P</AllowMultipleExecution>
                <AD_Process_Trl type="translation">
                    <Description/>
                    <Help/>
                    <Name>Reporte de Nomina</Name>
                    <AD_Language>es_CO</AD_Language>
                    <IsActive>Y</IsActive>
                    <IsTranslated>Y</IsTranslated>
                </AD_Process_Trl>
                <AD_Process_Para type="table">
                    <AD_Client_ID>0</AD_Client_ID>
                    <AD_Org_ID>0</AD_Org_ID>
                    <IsActive>Y</IsActive>
                    <Name>Payroll</Name>
                    <Description/>
                    <Help/>
                    <AD_Process_ID reference="uuid" reference-key="AD_Process">05e17ed9-594b-47b8-81fd-2216ae3d9bab</AD_Process_ID>
                    <SeqNo>30</SeqNo>
                    <AD_Reference_ID reference="id">19</AD_Reference_ID>
                    <AD_Reference_Value_ID reference="id"/>
                    <IsRange>N</IsRange>
                    <AD_Val_Rule_ID reference="id"/>
                    <FieldLength>0</FieldLength>
                    <IsMandatory>N</IsMandatory>
                    <DefaultValue/>
                    <VFormat/>
                    <ValueMin/>
                    <ValueMax/>
                    <ColumnName>HR_Payroll_ID</ColumnName>
                    <DefaultValue2/>
                    <IsCentrallyMaintained>Y</IsCentrallyMaintained>
                    <EntityType>IVS</EntityType>
                    <AD_Element_ID reference="id">53393</AD_Element_ID>
                    <ReadOnlyLogic/>
                    <DisplayLogic/>
                    <AD_Process_Para_UU>4ec970cf-26f8-497e-875d-e70415e5c1fe</AD_Process_Para_UU>
                    <IsEncrypted>N</IsEncrypted>
                    <MandatoryLogic/>
                    <Placeholder/>
                    <Placeholder2/>
                    <AD_Process_Para_Trl type="translation">
                        <Description/>
                        <Help/>
                        <Name>Nómina</Name>
                        <Placeholder/>
                        <Placeholder2/>
                        <AD_Language>es_CO</AD_Language>
                        <IsActive>Y</IsActive>
                        <IsTranslated>Y</IsTranslated>
                    </AD_Process_Para_Trl>
                </AD_Process_Para>
                <AD_Process_Para type="table">
                    <AD_Client_ID>0</AD_Client_ID>
                    <AD_Org_ID>0</AD_Org_ID>
                    <IsActive>Y</IsActive>
                    <Name>Business Partner </Name>
                    <Description>Identifies a Business Partner</Description>
                    <Help>A Business Partner is anyone with whom you transact.  This can include Vendor, Customer, Employee or Salesperson</Help>
                    <AD_Process_ID reference="uuid" reference-key="AD_Process">05e17ed9-594b-47b8-81fd-2216ae3d9bab</AD_Process_ID>
                    <SeqNo>20</SeqNo>
                    <AD_Reference_ID reference="id">30</AD_Reference_ID>
                    <AD_Reference_Value_ID reference="id">252</AD_Reference_Value_ID>
                    <IsRange>N</IsRange>
                    <AD_Val_Rule_ID reference="id"/>
                    <FieldLength>0</FieldLength>
                    <IsMandatory>N</IsMandatory>
                    <DefaultValue/>
                    <VFormat/>
                    <ValueMin/>
                    <ValueMax/>
                    <ColumnName>C_BPartner_ID</ColumnName>
                    <DefaultValue2/>
                    <IsCentrallyMaintained>Y</IsCentrallyMaintained>
                    <EntityType>ING_Payroll</EntityType>
                    <AD_Element_ID reference="id">187</AD_Element_ID>
                    <ReadOnlyLogic/>
                    <DisplayLogic/>
                    <AD_Process_Para_UU>a4457836-d993-48ad-bf28-71df12ecdda7</AD_Process_Para_UU>
                    <IsEncrypted>N</IsEncrypted>
                    <MandatoryLogic/>
                    <Placeholder/>
                    <Placeholder2/>
                    <AD_Process_Para_Trl type="translation">
                        <Description>Identifica un Tercero</Description>
                        <Help>Un tercero es cualquiera con quien usted realiza transacciones. Este puede incluir Proveedores, Clientes, Empleados o Vendedores.</Help>
                        <Name>Tercero</Name>
                        <Placeholder/>
                        <Placeholder2/>
                        <AD_Language>es_CO</AD_Language>
                        <IsActive>Y</IsActive>
                        <IsTranslated>Y</IsTranslated>
                    </AD_Process_Para_Trl>
                </AD_Process_Para>
                <AD_Process_Para type="table">
                    <AD_Client_ID>0</AD_Client_ID>
                    <AD_Org_ID>0</AD_Org_ID>
                    <IsActive>Y</IsActive>
                    <Name>Payroll Process</Name>
                    <Description/>
                    <Help/>
                    <AD_Process_ID reference="uuid" reference-key="AD_Process">05e17ed9-594b-47b8-81fd-2216ae3d9bab</AD_Process_ID>
                    <SeqNo>10</SeqNo>
                    <AD_Reference_ID reference="id">30</AD_Reference_ID>
                    <AD_Reference_Value_ID reference="id"/>
                    <IsRange>N</IsRange>
                    <AD_Val_Rule_ID reference="id"/>
                    <FieldLength>0</FieldLength>
                    <IsMandatory>N</IsMandatory>
                    <DefaultValue/>
                    <VFormat/>
                    <ValueMin/>
                    <ValueMax/>
                    <ColumnName>HR_Process_ID</ColumnName>
                    <DefaultValue2/>
                    <IsCentrallyMaintained>Y</IsCentrallyMaintained>
                    <EntityType>ING_Payroll</EntityType>
                    <AD_Element_ID reference="id">53407</AD_Element_ID>
                    <ReadOnlyLogic/>
                    <DisplayLogic/>
                    <AD_Process_Para_UU>bd431eae-dcda-40c1-9f36-c428aaba200e</AD_Process_Para_UU>
                    <IsEncrypted>N</IsEncrypted>
                    <MandatoryLogic/>
                    <Placeholder/>
                    <Placeholder2/>
                    <AD_Process_Para_Trl type="translation">
                        <Description/>
                        <Help/>
                        <Name>Proceso Nómina</Name>
                        <Placeholder/>
                        <Placeholder2/>
                        <AD_Language>es_CO</AD_Language>
                        <IsActive>Y</IsActive>
                        <IsTranslated>Y</IsTranslated>
                    </AD_Process_Para_Trl>
                </AD_Process_Para>
                <AD_Process_Para type="table">
                    <AD_Client_ID>0</AD_Client_ID>
                    <AD_Org_ID>0</AD_Org_ID>
                    <IsActive>Y</IsActive>
                    <Name>Valid from</Name>
                    <Description>Valid from including this date (first day)</Description>
                    <Help>The Valid From date indicates the first day of a date range</Help>
                    <AD_Process_ID reference="uuid" reference-key="AD_Process">05e17ed9-594b-47b8-81fd-2216ae3d9bab</AD_Process_ID>
                    <SeqNo>40</SeqNo>
                    <AD_Reference_ID reference="id">15</AD_Reference_ID>
                    <AD_Reference_Value_ID reference="id"/>
                    <IsRange>N</IsRange>
                    <AD_Val_Rule_ID reference="id"/>
                    <FieldLength>0</FieldLength>
                    <IsMandatory>N</IsMandatory>
                    <DefaultValue/>
                    <VFormat/>
                    <ValueMin/>
                    <ValueMax/>
                    <ColumnName>ValidFrom</ColumnName>
                    <DefaultValue2/>
                    <IsCentrallyMaintained>Y</IsCentrallyMaintained>
                    <EntityType>IVS</EntityType>
                    <AD_Element_ID reference="id">617</AD_Element_ID>
                    <ReadOnlyLogic/>
                    <DisplayLogic/>
                    <AD_Process_Para_UU>4b652735-c3bb-48e7-8150-687f5153a864</AD_Process_Para_UU>
                    <IsEncrypted>N</IsEncrypted>
                    <MandatoryLogic/>
                    <Placeholder/>
                    <Placeholder2/>
                    <AD_Process_Para_Trl type="translation">
                        <Description>Válido desde; incluyendo esta fecha (primer día)</Description>
                        <Help>La fecha válida desde indica el primer día de un rango de fechas</Help>
                        <Name>Válido Desde</Name>
                        <Placeholder/>
                        <Placeholder2/>
                        <AD_Language>es_CO</AD_Language>
                        <IsActive>Y</IsActive>
                        <IsTranslated>Y</IsTranslated>
                    </AD_Process_Para_Trl>
                </AD_Process_Para>
                <AD_Process_Para type="table">
                    <AD_Client_ID>0</AD_Client_ID>
                    <AD_Org_ID>0</AD_Org_ID>
                    <IsActive>Y</IsActive>
                    <Name>Valid to</Name>
                    <Description>Valid to including this date (last day)</Description>
                    <Help>The Valid To date indicates the last day of a date range</Help>
                    <AD_Process_ID reference="uuid" reference-key="AD_Process">05e17ed9-594b-47b8-81fd-2216ae3d9bab</AD_Process_ID>
                    <SeqNo>50</SeqNo>
                    <AD_Reference_ID reference="id">15</AD_Reference_ID>
                    <AD_Reference_Value_ID reference="id"/>
                    <IsRange>N</IsRange>
                    <AD_Val_Rule_ID reference="id"/>
                    <FieldLength>0</FieldLength>
                    <IsMandatory>N</IsMandatory>
                    <DefaultValue>@Date@</DefaultValue>
                    <VFormat/>
                    <ValueMin/>
                    <ValueMax/>
                    <ColumnName>ValidTo</ColumnName>
                    <DefaultValue2/>
                    <IsCentrallyMaintained>Y</IsCentrallyMaintained>
                    <EntityType>IVS</EntityType>
                    <AD_Element_ID reference="id">618</AD_Element_ID>
                    <ReadOnlyLogic/>
                    <DisplayLogic/>
                    <AD_Process_Para_UU>5cbbd558-a1a6-44c7-afdd-2f4328be3351</AD_Process_Para_UU>
                    <IsEncrypted>N</IsEncrypted>
                    <MandatoryLogic/>
                    <Placeholder/>
                    <Placeholder2/>
                    <AD_Process_Para_Trl type="translation">
                        <Description>Válido hasta; incluyendo esta fecha (ultimo día)</Description>
                        <Help>La fecha válida hasta indica el último día de un rango de fechas</Help>
                        <Name>Válido Hasta</Name>
                        <Placeholder/>
                        <Placeholder2/>
                        <AD_Language>es_CO</AD_Language>
                        <IsActive>Y</IsActive>
                        <IsTranslated>Y</IsTranslated>
                    </AD_Process_Para_Trl>
                </AD_Process_Para>
            </AD_Process>
        </AD_Menu>
    </AD_Menu>
</idempiere>
