<?xml version="1.0" encoding="UTF-8"?><idempiere Name="AD_EntityType" Version="1.0.0" idempiereVersion="8.2.0.qualifier" DataBaseVersion="2020-12-20" Description="" Author="SuperUser" AuthorEmail="" CreatedDate="Fri May 13 16:23:54 VET 2022" UpdatedDate="Fri May 13 16:23:54 VET 2022" PackOutVersion="100" UpdateDictionary="true" Client="0-SYSTEM-System" AD_Client_UU="11237b53-9592-4af1-b3c5-afd216514b5d">
    <AD_EntityType type="table">
        <AD_Client_ID>0</AD_Client_ID>
        <AD_Org_ID>0</AD_Org_ID>
        <EntityType>IVS</EntityType>
        <AD_Org_ID reference="id">0</AD_Org_ID>
        <IsActive>Y</IsActive>
        <Name>Ing. Victor Suarez</Name>
        <Description/>
        <Help/>
        <Version>2.0.0</Version>
        <ModelPackage>dev.vsuarez.model</ModelPackage>
        <Classpath/>
        <Processing>N</Processing>
        <AD_EntityType_UU>3be9a148-f4c4-4e7a-8f47-959fd7e19d9e</AD_EntityType_UU>
    </AD_EntityType>

    <AD_Element type="table">
        <AD_Client_ID>0</AD_Client_ID>
        <AD_Org_ID>0</AD_Org_ID>
        <AD_Org_ID reference="id">0</AD_Org_ID>
        <IsActive>Y</IsActive>
        <ColumnName>Payroll_PrintFormat_ID</ColumnName>
        <Name>Payroll Print Format</Name>
        <Description>Print Format for payroll payments</Description>
        <Help/>
        <PrintName>Payroll Print Format</PrintName>
        <PO_Description/>
        <PO_Help/>
        <PO_Name/>
        <PO_PrintName/>
        <EntityType>IVS</EntityType>
        <AD_Element_UU>25af8d15-3108-4ecf-9e4e-b8d4ad3367e2</AD_Element_UU>
        <Placeholder/>
        <AD_Element_Trl type="translation">
            <Description>Formato de Impresion para pagos Nomina</Description>
            <Help/>
            <Name>Formato de Impresion Nomina</Name>
            <Placeholder/>
            <PO_Description/>
            <PO_Help/>
            <PO_Name/>
            <PO_PrintName/>
            <PrintName>Formato de Impresion Nomina</PrintName>
            <AD_Language>es_VE</AD_Language>
            <IsActive>Y</IsActive>
            <IsTranslated>Y</IsTranslated>
        </AD_Element_Trl>
        <AD_Element_Trl type="translation">
            <Description>Formato de Impresion para pagos Nomina</Description>
            <Help/>
            <Name>Formato de Impresion Nomina</Name>
            <Placeholder/>
            <PO_Description/>
            <PO_Help/>
            <PO_Name/>
            <PO_PrintName/>
            <PrintName>Formato de Impresion Nomina</PrintName>
            <AD_Language>es_CO</AD_Language>
            <IsActive>Y</IsActive>
            <IsTranslated>Y</IsTranslated>
        </AD_Element_Trl>
    </AD_Element>

    <AD_Reference type="table">
        <AD_Client_ID>0</AD_Client_ID>
        <AD_Org_ID>0</AD_Org_ID>
        <Name>AD_PrintFormat Payroll</Name>
        <Description/>
        <Help/>
        <ValidationType>T</ValidationType>
        <AD_Org_ID reference="id">0</AD_Org_ID>
        <IsActive>Y</IsActive>
        <VFormat/>
        <EntityType>IVS</EntityType>
        <IsOrderByValue>N</IsOrderByValue>
        <AD_Reference_UU>bc20b2e0-f9af-4b70-a8d7-a04208aa363d</AD_Reference_UU>
        <AD_Element_ID reference="id"/>
        <AD_Reference_Trl type="translation">
            <Description/>
            <Help/>
            <Name>AD_PrintFormat Payroll</Name>
            <AD_Language>es_VE</AD_Language>
            <IsActive>Y</IsActive>
            <IsTranslated>N</IsTranslated>
        </AD_Reference_Trl>
        <AD_Reference_Trl type="translation">
            <Description/>
            <Help/>
            <Name>AD_PrintFormat Payroll</Name>
            <AD_Language>es_CO</AD_Language>
            <IsActive>Y</IsActive>
            <IsTranslated>N</IsTranslated>
        </AD_Reference_Trl>
        <AD_Ref_Table type="table">
            <AD_Client_ID>0</AD_Client_ID>
            <AD_Org_ID>0</AD_Org_ID>
            <AD_Reference_ID reference="uuid" reference-key="AD_Reference">bc20b2e0-f9af-4b70-a8d7-a04208aa363d</AD_Reference_ID>
            <AD_Table_ID reference="id">493</AD_Table_ID>
            <WhereClause>AD_PrintFormat.AD_Table_ID IN (SELECT AD_Table_ID FROM AD_Table WHERE TableName = 'HR_PaymentSelection')</WhereClause>
            <OrderByClause/>
            <AD_Org_ID reference="id">0</AD_Org_ID>
            <IsActive>Y</IsActive>
            <IsValueDisplayed>N</IsValueDisplayed>
            <EntityType>IVS</EntityType>
            <AD_Window_ID reference="id"/>
            <AD_Ref_Table_UU>30c07c84-d9bf-433b-9721-84f7e876e368</AD_Ref_Table_UU>
            <AD_InfoWindow_ID reference="id"/>
            <AD_Display reference="id">7019</AD_Display>
            <AD_Key reference="id">7026</AD_Key>
        </AD_Ref_Table>
    </AD_Reference>

    <AD_Column type="table">
        <IsSyncDatabase>Y</IsSyncDatabase>
        <AD_Table_ID reference="id">455</AD_Table_ID>
        <AD_Reference_Value_ID reference="uuid" reference-key="AD_Reference">bc20b2e0-f9af-4b70-a8d7-a04208aa363d</AD_Reference_Value_ID>
        <AD_Client_ID>0</AD_Client_ID>
        <AD_Org_ID>0</AD_Org_ID>
        <Version>0</Version>
        <Name>Payroll Print Format</Name>
        <Description>Print Format for payroll payments</Description>
        <Help/>
        <AD_Val_Rule_ID reference="id"/>
        <ColumnName>Payroll_PrintFormat_ID</ColumnName>
        <DefaultValue/>
        <FieldLength>10</FieldLength>
        <IsKey>N</IsKey>
        <IsParent>N</IsParent>
        <IsMandatory>N</IsMandatory>
        <IsTranslated>N</IsTranslated>
        <IsIdentifier>N</IsIdentifier>
        <SeqNo>0</SeqNo>
        <IsEncrypted>N</IsEncrypted>
        <AD_Reference_ID reference="id">18</AD_Reference_ID>
        <AD_Org_ID reference="id">0</AD_Org_ID>
        <IsActive>Y</IsActive>
        <VFormat/>
        <Callout/>
        <AD_Element_ID reference="uuid" reference-key="AD_Element">25af8d15-3108-4ecf-9e4e-b8d4ad3367e2</AD_Element_ID>
        <IsUpdateable>Y</IsUpdateable>
        <AD_Process_ID reference="id"/>
        <ValueMin/>
        <ValueMax/>
        <IsSelectionColumn>N</IsSelectionColumn>
        <ReadOnlyLogic/>
        <EntityType>IVS</EntityType>
        <IsAlwaysUpdateable>N</IsAlwaysUpdateable>
        <ColumnSQL/>
        <MandatoryLogic/>
        <IsAutocomplete>N</IsAutocomplete>
        <IsAllowLogging>Y</IsAllowLogging>
        <FormatPattern/>
        <AD_Chart_ID reference="id"/>
        <AD_Column_UU>19f76b2a-185c-46f0-89b6-ec0d9297ba8a</AD_Column_UU>
        <IsAllowCopy>Y</IsAllowCopy>
        <SeqNoSelection>0</SeqNoSelection>
        <IsToolbarButton>N</IsToolbarButton>
        <IsSecure>N</IsSecure>
        <FKConstraintName>PayrollPrintFormat_CBankAccoun</FKConstraintName>
        <FKConstraintType>N</FKConstraintType>
        <PA_DashboardContent_ID reference="id"/>
        <Placeholder/>
        <IsHtml>N</IsHtml>
        <AD_Val_Rule_Lookup_ID reference="id"/>
    </AD_Column>

    <AD_Field type="table">
        <AD_Client_ID>0</AD_Client_ID>
        <AD_Org_ID>0</AD_Org_ID>
        <Name>Payroll Print Format</Name>
        <Description>Print Format for payroll payments</Description>
        <Help/>
        <AD_Tab_ID reference="id">386</AD_Tab_ID>
        <AD_Column_ID reference="uuid" reference-key="AD_Column">19f76b2a-185c-46f0-89b6-ec0d9297ba8a</AD_Column_ID>
        <IsDisplayed>Y</IsDisplayed>
        <DisplayLogic/>
        <DisplayLength>0</DisplayLength>
        <SeqNo>100</SeqNo>
        <SortNo>0</SortNo>
        <IsSameLine>N</IsSameLine>
        <IsHeading>N</IsHeading>
        <IsFieldOnly>N</IsFieldOnly>
        <IsEncrypted>N</IsEncrypted>
        <AD_Org_ID reference="id">0</AD_Org_ID>
        <IsActive>Y</IsActive>
        <IsReadOnly>N</IsReadOnly>
        <IsCentrallyMaintained>Y</IsCentrallyMaintained>
        <AD_FieldGroup_ID reference="id"/>
        <EntityType>IVS</EntityType>
        <ObscureType/>
        <AD_Reference_ID reference="id"/>
        <IsMandatory/>
        <DefaultValue/>
        <AD_Reference_Value_ID reference="id"/>
        <AD_Val_Rule_ID reference="id"/>
        <Included_Tab_ID reference="id"/>
        <AD_Field_UU>b30278f9-fcd5-4e57-a323-50626c133a24</AD_Field_UU>
        <IsAllowCopy/>
        <IsDisplayedGrid>Y</IsDisplayedGrid>
        <SeqNoGrid>110</SeqNoGrid>
        <XPosition>4</XPosition>
        <ColumnSpan>2</ColumnSpan>
        <NumLines>1</NumLines>
        <IsQuickEntry>N</IsQuickEntry>
        <IsUpdateable/>
        <IsAlwaysUpdateable/>
        <MandatoryLogic/>
        <ReadOnlyLogic/>
        <IsToolbarButton/>
        <IsDefaultFocus>N</IsDefaultFocus>
        <IsAdvancedField>N</IsAdvancedField>
        <VFormat/>
        <AD_LabelStyle_ID reference="id"/>
        <AD_FieldStyle_ID reference="id"/>
        <IsQuickForm>N</IsQuickForm>
        <Placeholder/>
        <IsSelectionColumn/>
        <AD_Val_Rule_Lookup_ID reference="id"/>
        <ColumnSQL/>
        <LIT_isQuickEntryPos>N</LIT_isQuickEntryPos>
        <AD_Field_Trl type="translation">
            <Description>Formato de Impresion para pagos Nomina</Description>
            <Help/>
            <Name>Formato de Impresion Nomina</Name>
            <Placeholder/>
            <AD_Language>es_CO</AD_Language>
            <IsActive>Y</IsActive>
            <IsTranslated>Y</IsTranslated>
        </AD_Field_Trl>
        <AD_Field_Trl type="translation">
            <Description>Formato de Impresion para pagos Nomina</Description>
            <Help/>
            <Name>Formato de Impresion Nomina</Name>
            <Placeholder/>
            <AD_Language>es_VE</AD_Language>
            <IsActive>Y</IsActive>
            <IsTranslated>Y</IsTranslated>
        </AD_Field_Trl>
    </AD_Field>

    <AD_FieldGroup type="table">
        <AD_FieldGroup_ID>114</AD_FieldGroup_ID>
        <AD_Client_ID>0</AD_Client_ID>
        <AD_Org_ID>0</AD_Org_ID>
        <AD_FieldGroup_ID>114</AD_FieldGroup_ID>
        <AD_Org_ID reference="id">0</AD_Org_ID>
        <IsActive>Y</IsActive>
        <Name>Action</Name>
        <EntityType>D</EntityType>
        <FieldGroupType>C</FieldGroupType>
        <IsCollapsedByDefault>N</IsCollapsedByDefault>
        <AD_FieldGroup_UU>566645a1-b637-4a12-a471-8d6338e0f5a1</AD_FieldGroup_UU>
        <AD_FieldGroup_Trl type="translation">
            <Name>Acción</Name>
            <AD_Language>es_VE</AD_Language>
            <IsActive>Y</IsActive>
            <IsTranslated>Y</IsTranslated>
        </AD_FieldGroup_Trl>
        <AD_FieldGroup_Trl type="translation">
            <Name>Acción</Name>
            <AD_Language>es_CO</AD_Language>
            <IsActive>Y</IsActive>
            <IsTranslated>Y</IsTranslated>
        </AD_FieldGroup_Trl>
    </AD_FieldGroup>
    <AD_Field type="table">
        <AD_Client_ID>0</AD_Client_ID>
        <AD_Org_ID>0</AD_Org_ID>
        <Name>PaymentSelection HR</Name>
        <Description/>
        <Help/>
        <AD_Tab_ID reference="uuid" reference-key="AD_Tab">c73c9ce7-f23e-4ed0-bdba-3fee775911a8</AD_Tab_ID>
        <AD_Column_ID reference="uuid" reference-key="AD_Column">d03bf93b-d75e-42c2-b700-17a02cd70762</AD_Column_ID>
        <IsDisplayed>Y</IsDisplayed>
        <DisplayLogic/>
        <DisplayLength>1</DisplayLength>
        <SeqNo>190</SeqNo>
        <SortNo/>
        <IsSameLine>N</IsSameLine>
        <IsHeading>N</IsHeading>
        <IsFieldOnly>N</IsFieldOnly>
        <IsEncrypted>N</IsEncrypted>
        <AD_Org_ID reference="id">0</AD_Org_ID>
        <IsActive>Y</IsActive>
        <IsReadOnly>N</IsReadOnly>
        <IsCentrallyMaintained>Y</IsCentrallyMaintained>
        <AD_FieldGroup_ID reference="id">114</AD_FieldGroup_ID>
        <EntityType>ING_Payroll</EntityType>
        <ObscureType/>
        <AD_Reference_ID reference="id"/>
        <IsMandatory/>
        <DefaultValue/>
        <AD_Reference_Value_ID reference="id"/>
        <AD_Val_Rule_ID reference="id"/>
        <Included_Tab_ID reference="id"/>
        <AD_Field_UU>35679190-1877-4d15-abae-41f37e189498</AD_Field_UU>
        <IsAllowCopy/>
        <IsDisplayedGrid>Y</IsDisplayedGrid>
        <SeqNoGrid>160</SeqNoGrid>
        <XPosition>2</XPosition>
        <ColumnSpan>2</ColumnSpan>
        <NumLines>1</NumLines>
        <IsQuickEntry>N</IsQuickEntry>
        <IsUpdateable/>
        <IsAlwaysUpdateable/>
        <MandatoryLogic/>
        <ReadOnlyLogic/>
        <IsToolbarButton/>
        <IsDefaultFocus>N</IsDefaultFocus>
        <IsAdvancedField>N</IsAdvancedField>
        <VFormat/>
        <AD_LabelStyle_ID reference="id"/>
        <AD_FieldStyle_ID reference="id"/>
        <IsQuickForm>N</IsQuickForm>
        <Placeholder/>
        <IsSelectionColumn/>
        <AD_Val_Rule_Lookup_ID reference="id"/>
        <ColumnSQL/>
        <LIT_isQuickEntryPos>N</LIT_isQuickEntryPos>
        <AD_Field_Trl type="translation">
            <Description/>
            <Help/>
            <Name>Generar Lineas Selección</Name>
            <Placeholder/>
            <AD_Language>es_CO</AD_Language>
            <IsActive>Y</IsActive>
            <IsTranslated>Y</IsTranslated>
        </AD_Field_Trl>
        <AD_Field_Trl type="translation">
            <Description/>
            <Help/>
            <Name>Generar Lineas Selección</Name>
            <Placeholder/>
            <AD_Language>es_VE</AD_Language>
            <IsActive>Y</IsActive>
            <IsTranslated>Y</IsTranslated>
        </AD_Field_Trl>
    </AD_Field>

    <AD_Process type="table">
        <AD_Client_ID>0</AD_Client_ID>
        <AD_Org_ID>0</AD_Org_ID>
        <AD_Org_ID reference="id">0</AD_Org_ID>
        <IsActive>Y</IsActive>
        <Name>HR Payment Selection</Name>
        <Description/>
        <Help/>
        <ProcedureName/>
        <IsReport>N</IsReport>
        <Value>HR_PaymentSelection</Value>
        <IsDirectPrint>N</IsDirectPrint>
        <AD_ReportView_ID reference="id"/>
        <Classname>com.ingeint.process.PaymentSelection</Classname>
        <AccessLevel>3</AccessLevel>
        <EntityType>ING_Payroll</EntityType>
        <Statistic_Count>177</Statistic_Count>
        <Statistic_Seconds>815</Statistic_Seconds>
        <AD_PrintFormat_ID reference="id"/>
        <WorkflowValue/>
        <AD_Workflow_ID reference="id"/>
        <IsBetaFunctionality>N</IsBetaFunctionality>
        <ShowHelp>Y</ShowHelp>
        <JasperReport/>
        <AD_Form_ID reference="id"/>
        <CopyFromProcess>N</CopyFromProcess>
        <AD_Process_UU>a633c7f3-e9a7-46fa-905f-465195f4e9ec</AD_Process_UU>
        <AD_CtxHelp_ID reference="id"/>
        <ExecutionType/>
        <AllowMultipleExecution>P</AllowMultipleExecution>
        <AD_Process_Trl type="translation">
            <Description/>
            <Help/>
            <Name>Generar Lineas Selección</Name>
            <AD_Language>es_VE</AD_Language>
            <IsActive>Y</IsActive>
            <IsTranslated>Y</IsTranslated>
        </AD_Process_Trl>
        <AD_Process_Trl type="translation">
            <Description/>
            <Help/>
            <Name>Generar Lineas Selección</Name>
            <AD_Language>es_CO</AD_Language>
            <IsActive>Y</IsActive>
            <IsTranslated>Y</IsTranslated>
        </AD_Process_Trl>
        <AD_Reference type="table">
            <AD_Reference_ID>12</AD_Reference_ID>
            <AD_Client_ID>0</AD_Client_ID>
            <AD_Org_ID>0</AD_Org_ID>
            <AD_Reference_ID>12</AD_Reference_ID>
            <Name>Amount</Name>
            <Description>Number with 4 decimals</Description>
            <Help/>
            <ValidationType>D</ValidationType>
            <AD_Org_ID reference="id">0</AD_Org_ID>
            <IsActive>Y</IsActive>
            <VFormat/>
            <EntityType>D</EntityType>
            <IsOrderByValue>N</IsOrderByValue>
            <AD_Reference_UU>75558709-04db-4ea0-8a21-ee4dc1dff574</AD_Reference_UU>
            <AD_Element_ID reference="id"/>
            <AD_Reference_Trl type="translation">
                <Description>Número con 4 decimales</Description>
                <Help/>
                <Name>Monto</Name>
                <AD_Language>es_CO</AD_Language>
                <IsActive>Y</IsActive>
                <IsTranslated>Y</IsTranslated>
            </AD_Reference_Trl>
            <AD_Reference_Trl type="translation">
                <Description>Número con 4 decimales</Description>
                <Help/>
                <Name>Monto</Name>
                <AD_Language>es_VE</AD_Language>
                <IsActive>Y</IsActive>
                <IsTranslated>Y</IsTranslated>
            </AD_Reference_Trl>
        </AD_Reference>
        <AD_Element type="table">
            <AD_Element_ID>951</AD_Element_ID>
            <AD_Client_ID>0</AD_Client_ID>
            <AD_Org_ID>0</AD_Org_ID>
            <AD_Element_ID>951</AD_Element_ID>
            <AD_Org_ID reference="id">0</AD_Org_ID>
            <IsActive>Y</IsActive>
            <ColumnName>Percent</ColumnName>
            <Name>Percent</Name>
            <Description>Percentage</Description>
            <Help>The Percent indicates the percentage used.</Help>
            <PrintName>Percent</PrintName>
            <PO_Description/>
            <PO_Help/>
            <PO_Name/>
            <PO_PrintName/>
            <EntityType>D</EntityType>
            <AD_Element_UU>69997dad-6f93-4bc0-8e16-c94e44c17869</AD_Element_UU>
            <Placeholder/>
            <AD_Element_Trl type="translation">
                <Description>Porcentaje de retención</Description>
                <Help>El porcentaje indica el porcentaje usado para retención.</Help>
                <Name>Porcentaje</Name>
                <Placeholder/>
                <PO_Description/>
                <PO_Help/>
                <PO_Name/>
                <PO_PrintName/>
                <PrintName>Porcentaje</PrintName>
                <AD_Language>es_CO</AD_Language>
                <IsActive>Y</IsActive>
                <IsTranslated>Y</IsTranslated>
            </AD_Element_Trl>
            <AD_Element_Trl type="translation">
                <Description>Porcentaje de retención</Description>
                <Help>El porcentaje indica el porcentaje usado para retención.</Help>
                <Name>Porcentaje</Name>
                <Placeholder/>
                <PO_Description/>
                <PO_Help/>
                <PO_Name/>
                <PO_PrintName/>
                <PrintName>Porcentaje</PrintName>
                <AD_Language>es_VE</AD_Language>
                <IsActive>Y</IsActive>
                <IsTranslated>Y</IsTranslated>
            </AD_Element_Trl>
        </AD_Element>
        <AD_Process_Para type="table">
            <AD_Client_ID>0</AD_Client_ID>
            <AD_Org_ID>0</AD_Org_ID>
            <AD_Org_ID reference="id">0</AD_Org_ID>
            <IsActive>Y</IsActive>
            <Name>Percent</Name>
            <Description>Percentage</Description>
            <Help>The Percent indicates the percentage used.</Help>
            <AD_Process_ID reference="uuid" reference-key="AD_Process">a633c7f3-e9a7-46fa-905f-465195f4e9ec</AD_Process_ID>
            <SeqNo>10</SeqNo>
            <AD_Reference_ID reference="id">12</AD_Reference_ID>
            <AD_Reference_Value_ID reference="id"/>
            <IsRange>N</IsRange>
            <AD_Val_Rule_ID reference="id"/>
            <FieldLength>0</FieldLength>
            <IsMandatory>N</IsMandatory>
            <DefaultValue/>
            <VFormat/>
            <ValueMin/>
            <ValueMax/>
            <ColumnName>Percent</ColumnName>
            <DefaultValue2/>
            <IsCentrallyMaintained>Y</IsCentrallyMaintained>
            <EntityType>ING_Payroll</EntityType>
            <AD_Element_ID reference="id">951</AD_Element_ID>
            <ReadOnlyLogic/>
            <DisplayLogic/>
            <AD_Process_Para_UU>dfb46b98-b335-435f-8ac8-ce997fc4967c</AD_Process_Para_UU>
            <IsEncrypted>N</IsEncrypted>
            <MandatoryLogic/>
            <Placeholder/>
            <Placeholder2/>
            <IsAutocomplete>N</IsAutocomplete>
            <AD_Process_Para_Trl type="translation">
                <Description>Porcentaje de retención</Description>
                <Help>El porcentaje indica el porcentaje usado para retención.</Help>
                <Name>Porcentaje</Name>
                <Placeholder/>
                <Placeholder2/>
                <AD_Language>es_CO</AD_Language>
                <IsActive>Y</IsActive>
                <IsTranslated>Y</IsTranslated>
            </AD_Process_Para_Trl>
            <AD_Process_Para_Trl type="translation">
                <Description>Porcentaje de retención</Description>
                <Help>El porcentaje indica el porcentaje usado para retención.</Help>
                <Name>Porcentaje</Name>
                <Placeholder/>
                <Placeholder2/>
                <AD_Language>es_VE</AD_Language>
                <IsActive>Y</IsActive>
                <IsTranslated>Y</IsTranslated>
            </AD_Process_Para_Trl>
        </AD_Process_Para>
    </AD_Process>

    <AD_Process type="table">
        <AD_Client_ID>0</AD_Client_ID>
        <AD_Org_ID>0</AD_Org_ID>
        <AD_Org_ID reference="id">0</AD_Org_ID>
        <IsActive>Y</IsActive>
        <Name>Export Payment Selection</Name>
        <Description>Export Payment Selection</Description>
        <Help/>
        <ProcedureName/>
        <IsReport>N</IsReport>
        <Value>HR_ExportPaySelection</Value>
        <IsDirectPrint>N</IsDirectPrint>
        <AD_ReportView_ID reference="id"/>
        <Classname>dev.vsuarez.process.HR_PrintExportPaySelection</Classname>
        <AccessLevel>3</AccessLevel>
        <EntityType>IVS</EntityType>
        <Statistic_Count>26</Statistic_Count>
        <Statistic_Seconds>1580</Statistic_Seconds>
        <AD_PrintFormat_ID reference="id"/>
        <WorkflowValue/>
        <AD_Workflow_ID reference="id"/>
        <IsBetaFunctionality>N</IsBetaFunctionality>
        <ShowHelp>S</ShowHelp>
        <JasperReport/>
        <AD_Form_ID reference="id"/>
        <CopyFromProcess>N</CopyFromProcess>
        <AD_Process_UU>7a64f2ed-a0a9-409f-9bf1-e71f5b756dec</AD_Process_UU>
        <AD_CtxHelp_ID reference="id"/>
        <ExecutionType/>
        <AllowMultipleExecution>P</AllowMultipleExecution>
        <AD_Process_Trl type="translation">
            <Description>Exportar Seleccion de Pago</Description>
            <Help/>
            <Name>Exportar Seleccion de Pago</Name>
            <AD_Language>es_VE</AD_Language>
            <IsActive>Y</IsActive>
            <IsTranslated>Y</IsTranslated>
        </AD_Process_Trl>
        <AD_Process_Trl type="translation">
            <Description>Exportar Seleccion de Pago</Description>
            <Help/>
            <Name>Exportar Seleccion de Pago</Name>
            <AD_Language>es_CO</AD_Language>
            <IsActive>Y</IsActive>
            <IsTranslated>Y</IsTranslated>
        </AD_Process_Trl>
    </AD_Process>

    <AD_ToolBarButton type="table">
        <AD_Client_ID>0</AD_Client_ID>
        <AD_Org_ID>0</AD_Org_ID>
        <AD_Org_ID reference="id">0</AD_Org_ID>
        <ComponentName>Exportar Seleccion de Pago</ComponentName>
        <IsActive>Y</IsActive>
        <Name>Exportar Seleccion de Pago</Name>
        <IsCustomization>N</IsCustomization>
        <ActionClassName/>
        <ActionName/>
        <KeyStroke_KeyCode/>
        <KeyStroke_Modifiers/>
        <AD_ToolBarButton_UU>0a5ef12f-5394-427a-b8e2-766e3e9a4971</AD_ToolBarButton_UU>
        <Action>W</Action>
        <AD_Tab_ID reference="uuid" reference-key="AD_Tab">c73c9ce7-f23e-4ed0-bdba-3fee775911a8</AD_Tab_ID>
        <AD_Process_ID reference="uuid" reference-key="AD_Process">7a64f2ed-a0a9-409f-9bf1-e71f5b756dec</AD_Process_ID>
        <DisplayLogic/>
        <SeqNo>10</SeqNo>
        <IsAdvancedButton>N</IsAdvancedButton>
        <IsAddSeparator>N</IsAddSeparator>
        <EntityType>IVS</EntityType>
        <IsShowMore>N</IsShowMore>
    </AD_ToolBarButton>
</idempiere>
