<?xml version="1.0" encoding="UTF-8"?><idempiere Name="AD_Field" Version="1.0.0" idempiereVersion="8.2.0.qualifier" DataBaseVersion="2020-12-20" Description="" Author="SuperUser" AuthorEmail="albeddyg@gmail.com" CreatedDate="Thu Mar 17 16:55:27 VET 2022" UpdatedDate="Thu Mar 17 16:55:27 VET 2022" PackOutVersion="100" UpdateDictionary="true" Client="0-SYSTEM-System" AD_Client_UU="11237b53-9592-4af1-b3c5-afd216514b5d">
    <AD_Field type="table">
        <AD_Client_ID>0</AD_Client_ID>
        <AD_Org_ID>0</AD_Org_ID>
        <Name>User Element List 1</Name>
        <Description>User defined list element #1</Description>
        <Help>The user defined element displays the optional elements that have been defined for this account combination.</Help>
        <AD_Tab_ID reference="id">53102</AD_Tab_ID>
        <AD_Column_ID reference="uuid" reference-key="AD_Column">a679d7f0-ab78-4a59-8192-afd9aa5821e3</AD_Column_ID>
        <IsDisplayed>N</IsDisplayed>
        <DisplayLogic/>
        <DisplayLength>22</DisplayLength>
        <SeqNo>110</SeqNo>
        <SortNo/>
        <IsSameLine>N</IsSameLine>
        <IsHeading>N</IsHeading>
        <IsFieldOnly>N</IsFieldOnly>
        <IsEncrypted>N</IsEncrypted>
        <AD_Org_ID reference="id">0</AD_Org_ID>
        <IsActive>N</IsActive>
        <IsReadOnly>N</IsReadOnly>
        <IsCentrallyMaintained>Y</IsCentrallyMaintained>
        <AD_FieldGroup_ID reference="id"/>
        <EntityType>ING_Payroll</EntityType>
        <ObscureType/>
        <AD_Reference_ID reference="id"/>
        <IsMandatory/>
        <DefaultValue/>
        <AD_Reference_Value_ID reference="id"/>
        <AD_Val_Rule_ID reference="id"/>
        <Included_Tab_ID reference="id"/>
        <AD_Field_UU>ae9e3290-bf59-453b-8477-59dbd470b86b</AD_Field_UU>
        <IsAllowCopy/>
        <IsDisplayedGrid>Y</IsDisplayedGrid>
        <SeqNoGrid>190</SeqNoGrid>
        <XPosition>4</XPosition>
        <ColumnSpan>2</ColumnSpan>
        <NumLines>1</NumLines>
        <IsQuickEntry>N</IsQuickEntry>
        <IsUpdateable/>
        <IsAlwaysUpdateable/>
        <MandatoryLogic/>
        <ReadOnlyLogic/>
        <IsToolbarButton/>
        <IsDefaultFocus>N</IsDefaultFocus>
        <IsAdvancedField>N</IsAdvancedField>
        <VFormat/>
        <AD_LabelStyle_ID reference="id"/>
        <AD_FieldStyle_ID reference="id"/>
        <IsQuickForm>N</IsQuickForm>
        <Placeholder/>
        <IsSelectionColumn/>
        <AD_Val_Rule_Lookup_ID reference="id"/>
        <ColumnSQL/>
        <AD_Field_Trl type="translation">
            <Description>El usuario definió el elemento # 1</Description>
            <Help>El elemento definido por el usuario despliega los elementos opcionales que han sido definidos para esta combinación de cuentas</Help>
            <Name>Usuario 1</Name>
            <Placeholder/>
            <AD_Language>es_CO</AD_Language>
            <IsActive>Y</IsActive>
            <IsTranslated>Y</IsTranslated>
        </AD_Field_Trl>
        <AD_Field_Trl type="translation">
            <Description>El usuario definió el elemento # 1</Description>
            <Help>El elemento definido por el usuario despliega los elementos opcionales que han sido definidos para esta combinación de cuentas</Help>
            <Name>Especificación</Name>
            <Placeholder/>
            <AD_Language>es_VE</AD_Language>
            <IsActive>Y</IsActive>
            <IsTranslated>Y</IsTranslated>
        </AD_Field_Trl>
    </AD_Field>
    <AD_Field type="table">
        <AD_Field_ID>54793</AD_Field_ID>
        <AD_Client_ID>0</AD_Client_ID>
        <AD_Org_ID>0</AD_Org_ID>
        <AD_Field_ID>54793</AD_Field_ID>
        <Name>Image URL</Name>
        <Description>URL of  image</Description>
        <Help>URL of image; The image is not stored in the database, but retrieved at runtime. The image can be a gif, jpeg or png.</Help>
        <AD_Tab_ID reference="id">53102</AD_Tab_ID>
        <AD_Column_ID reference="id">54750</AD_Column_ID>
        <IsDisplayed>N</IsDisplayed>
        <DisplayLogic/>
        <DisplayLength>0</DisplayLength>
        <SeqNo>140</SeqNo>
        <SortNo>0</SortNo>
        <IsSameLine>N</IsSameLine>
        <IsHeading>N</IsHeading>
        <IsFieldOnly>N</IsFieldOnly>
        <IsEncrypted>N</IsEncrypted>
        <AD_Org_ID reference="id">0</AD_Org_ID>
        <IsActive>N</IsActive>
        <IsReadOnly>N</IsReadOnly>
        <IsCentrallyMaintained>Y</IsCentrallyMaintained>
        <AD_FieldGroup_ID reference="id"/>
        <EntityType>ING_Payroll</EntityType>
        <ObscureType/>
        <AD_Reference_ID reference="id"/>
        <IsMandatory/>
        <DefaultValue/>
        <AD_Reference_Value_ID reference="id"/>
        <AD_Val_Rule_ID reference="id"/>
        <Included_Tab_ID reference="id"/>
        <AD_Field_UU>7aac910b-b3d0-4e8b-bedf-fa90711a6fa3</AD_Field_UU>
        <IsAllowCopy/>
        <IsDisplayedGrid>Y</IsDisplayedGrid>
        <SeqNoGrid>140</SeqNoGrid>
        <XPosition>1</XPosition>
        <ColumnSpan>2</ColumnSpan>
        <NumLines>1</NumLines>
        <IsQuickEntry>N</IsQuickEntry>
        <IsUpdateable/>
        <IsAlwaysUpdateable/>
        <MandatoryLogic/>
        <ReadOnlyLogic/>
        <IsToolbarButton/>
        <IsDefaultFocus>N</IsDefaultFocus>
        <IsAdvancedField>N</IsAdvancedField>
        <VFormat/>
        <AD_LabelStyle_ID reference="id"/>
        <AD_FieldStyle_ID reference="id"/>
        <IsQuickForm>N</IsQuickForm>
        <Placeholder/>
        <IsSelectionColumn/>
        <AD_Val_Rule_Lookup_ID reference="id"/>
        <ColumnSQL/>
        <AD_Field_Trl type="translation">
            <Description>Dirección web de la imagen</Description>
            <Help>Dirección web de la imagen, la imagen no se almacena en la base de datos;</Help>
            <Name>Dirección Web Imagen</Name>
            <Placeholder/>
            <AD_Language>es_CO</AD_Language>
            <IsActive>Y</IsActive>
            <IsTranslated>Y</IsTranslated>
        </AD_Field_Trl>
        <AD_Field_Trl type="translation">
            <Description>Dirección web de la imagen</Description>
            <Help>Dirección web de la imagen, la imagen no se almacena en la base de datos;</Help>
            <Name>Dirección Web Imagen</Name>
            <Placeholder/>
            <AD_Language>es_VE</AD_Language>
            <IsActive>Y</IsActive>
            <IsTranslated>Y</IsTranslated>
        </AD_Field_Trl>
    </AD_Field>
    <AD_Field type="table">
        <AD_Client_ID>0</AD_Client_ID>
        <AD_Org_ID>0</AD_Org_ID>
        <Name>Region</Name>
        <Description/>
        <Help/>
        <AD_Tab_ID reference="id">53102</AD_Tab_ID>
        <AD_Column_ID reference="uuid" reference-key="AD_Column">aa32e0c7-3731-466f-a506-210f347a3e27</AD_Column_ID>
        <IsDisplayed>N</IsDisplayed>
        <DisplayLogic/>
        <DisplayLength>0</DisplayLength>
        <SeqNo>130</SeqNo>
        <SortNo>0</SortNo>
        <IsSameLine>N</IsSameLine>
        <IsHeading>N</IsHeading>
        <IsFieldOnly>N</IsFieldOnly>
        <IsEncrypted>N</IsEncrypted>
        <AD_Org_ID reference="id">0</AD_Org_ID>
        <IsActive>N</IsActive>
        <IsReadOnly>N</IsReadOnly>
        <IsCentrallyMaintained>Y</IsCentrallyMaintained>
        <AD_FieldGroup_ID reference="id"/>
        <EntityType>ING_Payroll</EntityType>
        <ObscureType/>
        <AD_Reference_ID reference="id"/>
        <IsMandatory/>
        <DefaultValue/>
        <AD_Reference_Value_ID reference="id"/>
        <AD_Val_Rule_ID reference="id"/>
        <Included_Tab_ID reference="id"/>
        <AD_Field_UU>0d0800ca-1567-410a-820f-bd7893a59652</AD_Field_UU>
        <IsAllowCopy/>
        <IsDisplayedGrid>Y</IsDisplayedGrid>
        <SeqNoGrid>150</SeqNoGrid>
        <XPosition>4</XPosition>
        <ColumnSpan>2</ColumnSpan>
        <NumLines>1</NumLines>
        <IsQuickEntry>N</IsQuickEntry>
        <IsUpdateable/>
        <IsAlwaysUpdateable/>
        <MandatoryLogic>1=1</MandatoryLogic>
        <ReadOnlyLogic/>
        <IsToolbarButton/>
        <IsDefaultFocus>N</IsDefaultFocus>
        <IsAdvancedField>N</IsAdvancedField>
        <VFormat/>
        <AD_LabelStyle_ID reference="id"/>
        <AD_FieldStyle_ID reference="id"/>
        <IsQuickForm>N</IsQuickForm>
        <Placeholder/>
        <IsSelectionColumn/>
        <AD_Val_Rule_Lookup_ID reference="id"/>
        <ColumnSQL/>
        <AD_Field_Trl type="translation">
            <Description/>
            <Help/>
            <Name>Region</Name>
            <Placeholder/>
            <AD_Language>es_CO</AD_Language>
            <IsActive>Y</IsActive>
            <IsTranslated>N</IsTranslated>
        </AD_Field_Trl>
        <AD_Field_Trl type="translation">
            <Description/>
            <Help/>
            <Name>Region</Name>
            <Placeholder/>
            <AD_Language>es_VE</AD_Language>
            <IsActive>Y</IsActive>
            <IsTranslated>N</IsTranslated>
        </AD_Field_Trl>
    </AD_Field>
    <AD_Field type="table">
        <AD_Field_ID>54791</AD_Field_ID>
        <AD_Client_ID>0</AD_Client_ID>
        <AD_Org_ID>0</AD_Org_ID>
        <AD_Field_ID>54791</AD_Field_ID>
        <Name>Activity</Name>
        <Description>Business Activity</Description>
        <Help>Activities indicate tasks that are performed and used to utilize Activity based Costing</Help>
        <AD_Tab_ID reference="id">53102</AD_Tab_ID>
        <AD_Column_ID reference="id">54741</AD_Column_ID>
        <IsDisplayed>N</IsDisplayed>
        <DisplayLogic/>
        <DisplayLength>10</DisplayLength>
        <SeqNo>120</SeqNo>
        <SortNo>0</SortNo>
        <IsSameLine>Y</IsSameLine>
        <IsHeading>N</IsHeading>
        <IsFieldOnly>N</IsFieldOnly>
        <IsEncrypted>N</IsEncrypted>
        <AD_Org_ID reference="id">0</AD_Org_ID>
        <IsActive>N</IsActive>
        <IsReadOnly>N</IsReadOnly>
        <IsCentrallyMaintained>Y</IsCentrallyMaintained>
        <AD_FieldGroup_ID reference="id"/>
        <EntityType>ING_Payroll</EntityType>
        <ObscureType/>
        <AD_Reference_ID reference="id"/>
        <IsMandatory/>
        <DefaultValue/>
        <AD_Reference_Value_ID reference="id"/>
        <AD_Val_Rule_ID reference="id"/>
        <Included_Tab_ID reference="id"/>
        <AD_Field_UU>99ae66e4-8070-4f1a-bdb7-3fb9032eb98f</AD_Field_UU>
        <IsAllowCopy/>
        <IsDisplayedGrid>Y</IsDisplayedGrid>
        <SeqNoGrid>120</SeqNoGrid>
        <XPosition>4</XPosition>
        <ColumnSpan>2</ColumnSpan>
        <NumLines>1</NumLines>
        <IsQuickEntry>N</IsQuickEntry>
        <IsUpdateable/>
        <IsAlwaysUpdateable/>
        <MandatoryLogic/>
        <ReadOnlyLogic/>
        <IsToolbarButton/>
        <IsDefaultFocus>N</IsDefaultFocus>
        <IsAdvancedField>N</IsAdvancedField>
        <VFormat/>
        <AD_LabelStyle_ID reference="id"/>
        <AD_FieldStyle_ID reference="id"/>
        <IsQuickForm>N</IsQuickForm>
        <Placeholder/>
        <IsSelectionColumn/>
        <AD_Val_Rule_Lookup_ID reference="id"/>
        <ColumnSQL/>
        <AD_Field_Trl type="translation">
            <Description>Actividad de Negocio</Description>
            <Help>Las actividades indican tareas que son ejecutadas en el curso de un negocio; las actividades son usadas para el costeo por actividad (ABC)</Help>
            <Name>Actividad</Name>
            <Placeholder/>
            <AD_Language>es_CO</AD_Language>
            <IsActive>Y</IsActive>
            <IsTranslated>Y</IsTranslated>
        </AD_Field_Trl>
        <AD_Field_Trl type="translation">
            <Description>Actividad de Negocio</Description>
            <Help>Las actividades indican tareas que son ejecutadas en el curso de un negocio; las actividades son usadas para el costeo por actividad (ABC)</Help>
            <Name>Actividad</Name>
            <Placeholder/>
            <AD_Language>es_VE</AD_Language>
            <IsActive>Y</IsActive>
            <IsTranslated>Y</IsTranslated>
        </AD_Field_Trl>
    </AD_Field>
</idempiere>
