<?xml version="1.0" encoding="UTF-8"?><idempiere Name="AD_PrintFormat" Version="1.0.0" idempiereVersion="8.2.0.qualifier" DataBaseVersion="2020-12-20" Description="" Author="SuperUser" AuthorEmail="" CreatedDate="Fri Jul 08 13:33:20 VET 2022" UpdatedDate="Fri Jul 08 13:33:20 VET 2022" PackOutVersion="100" UpdateDictionary="true" Client="0-SYSTEM-System" AD_Client_UU="11237b53-9592-4af1-b3c5-afd216514b5d">
    <AD_PrintFormat type="table">
        <AD_Client_ID>0</AD_Client_ID>
        <AD_Org_ID>0</AD_Org_ID>
        <IsTableBased>Y</IsTableBased>
        <IsActive>Y</IsActive>
        <IsStandardHeaderFooter>Y</IsStandardHeaderFooter>
        <AD_PrintFont_ID reference="id">130</AD_PrintFont_ID>
        <AD_Table_ID reference="uuid" reference-key="AD_Table">968a920b-8ff6-4a3e-afcf-5f9ce10d546d</AD_Table_ID>
        <IsForm>N</IsForm>
        <HeaderMargin>0</HeaderMargin>
        <AD_PrintColor_ID reference="id">100</AD_PrintColor_ID>
        <Name>TXT Mercantil Nomina Facil</Name>
        <CreateCopy>N</CreateCopy>
        <FooterMargin>0</FooterMargin>
        <AD_PrintPaper_ID reference="id">100</AD_PrintPaper_ID>
        <AD_Org_ID reference="id">0</AD_Org_ID>
        <Description/>
        <AD_ReportView_ID reference="id"/>
        <AD_PrintTableFormat_ID reference="id">100</AD_PrintTableFormat_ID>
        <PrinterName/>
        <IsDefault>N</IsDefault>
        <JasperProcess_ID reference="id"/>
        <Classname>dev.vsuarez.utils.HR_ExportTXTMercantilFacil</Classname>
        <Args/>
        <AD_PrintFormat_UU>515b346b-7189-48c8-a002-75206070a3ae</AD_PrintFormat_UU>
        <AD_Window_ID reference="id"/>
        <IsBreakPagePerRecord>N</IsBreakPagePerRecord>
        <AD_PrintFormat_Trl type="translation">
            <Description/>
            <Name>TXT Mercantil</Name>
            <AD_Language>es_CO</AD_Language>
            <IsActive>Y</IsActive>
            <IsTranslated>N</IsTranslated>
        </AD_PrintFormat_Trl>
        <AD_PrintFormat_Trl type="translation">
            <Description/>
            <Name>TXT Mercantil</Name>
            <AD_Language>es_VE</AD_Language>
            <IsActive>Y</IsActive>
            <IsTranslated>N</IsTranslated>
        </AD_PrintFormat_Trl>
    </AD_PrintFormat>

    <AD_Element type="table">
        <AD_Client_ID>0</AD_Client_ID>
        <AD_Org_ID>0</AD_Org_ID>
        <AD_Org_ID reference="id">0</AD_Org_ID>
        <IsActive>Y</IsActive>
        <ColumnName>IsOnlySameBank</ColumnName>
        <Name>Only Same Bank</Name>
        <Description/>
        <Help/>
        <PrintName>Only Same Bank</PrintName>
        <PO_Description/>
        <PO_Help/>
        <PO_Name/>
        <PO_PrintName/>
        <EntityType>IVS</EntityType>
        <AD_Element_UU>66336158-d51e-401f-8e37-13779e92189f</AD_Element_UU>
        <Placeholder/>
        <AD_Element_Trl type="translation">
            <Description>Usar Solo cuentas del mismo Banco</Description>
            <Help>Usar Solo cuentas del mismo Banco en las Lineas</Help>
            <Name>Solo cuentas del mismo Banco</Name>
            <Placeholder/>
            <PO_Description/>
            <PO_Help/>
            <PO_Name/>
            <PO_PrintName/>
            <PrintName>Solo cuentas del mismo Banco</PrintName>
            <AD_Language>es_VE</AD_Language>
            <IsActive>Y</IsActive>
            <IsTranslated>Y</IsTranslated>
        </AD_Element_Trl>
        <AD_Element_Trl type="translation">
            <Description>Usar Solo cuentas del mismo Banco</Description>
            <Help>Usar Solo cuentas del mismo Banco en las Lineas</Help>
            <Name>Solo cuentas del mismo Banco</Name>
            <Placeholder/>
            <PO_Description/>
            <PO_Help/>
            <PO_Name/>
            <PO_PrintName/>
            <PrintName>Solo cuentas del mismo Banco</PrintName>
            <AD_Language>es_CO</AD_Language>
            <IsActive>Y</IsActive>
            <IsTranslated>Y</IsTranslated>
        </AD_Element_Trl>
    </AD_Element>

    <AD_Column type="table">
        <IsSyncDatabase>Y</IsSyncDatabase>
        <AD_Table_ID reference="uuid" reference-key="AD_Table">28045967-a9ee-4129-ac2d-80bc77c7d5ad</AD_Table_ID>
        <AD_Reference_Value_ID reference="id"/>
        <AD_Client_ID>0</AD_Client_ID>
        <AD_Org_ID>0</AD_Org_ID>
        <Version>0</Version>
        <Name>Only Same Bank</Name>
        <Description/>
        <Help/>
        <AD_Val_Rule_ID reference="id"/>
        <ColumnName>IsOnlySameBank</ColumnName>
        <DefaultValue>N</DefaultValue>
        <FieldLength>1</FieldLength>
        <IsKey>N</IsKey>
        <IsParent>N</IsParent>
        <IsMandatory>N</IsMandatory>
        <IsTranslated>N</IsTranslated>
        <IsIdentifier>N</IsIdentifier>
        <SeqNo>0</SeqNo>
        <IsEncrypted>N</IsEncrypted>
        <AD_Reference_ID reference="id">20</AD_Reference_ID>
        <AD_Org_ID reference="id">0</AD_Org_ID>
        <IsActive>Y</IsActive>
        <VFormat/>
        <Callout/>
        <AD_Element_ID reference="uuid" reference-key="AD_Element">66336158-d51e-401f-8e37-13779e92189f</AD_Element_ID>
        <IsUpdateable>Y</IsUpdateable>
        <AD_Process_ID reference="id"/>
        <ValueMin/>
        <ValueMax/>
        <IsSelectionColumn>N</IsSelectionColumn>
        <ReadOnlyLogic/>
        <EntityType>IVS</EntityType>
        <IsAlwaysUpdateable>N</IsAlwaysUpdateable>
        <ColumnSQL/>
        <MandatoryLogic/>
        <IsAutocomplete>N</IsAutocomplete>
        <IsAllowLogging>Y</IsAllowLogging>
        <FormatPattern/>
        <AD_Chart_ID reference="id"/>
        <AD_Column_UU>a211b699-afde-4ba8-a9db-59f67e1be31c</AD_Column_UU>
        <IsAllowCopy>Y</IsAllowCopy>
        <SeqNoSelection>0</SeqNoSelection>
        <IsToolbarButton>N</IsToolbarButton>
        <IsSecure>N</IsSecure>
        <FKConstraintName/>
        <FKConstraintType>N</FKConstraintType>
        <PA_DashboardContent_ID reference="id"/>
        <Placeholder/>
        <IsHtml>N</IsHtml>
        <AD_Val_Rule_Lookup_ID reference="id"/>
    </AD_Column>

    <AD_Field type="table">
        <AD_Client_ID>0</AD_Client_ID>
        <AD_Org_ID>0</AD_Org_ID>
        <Name>Only Same Bank</Name>
        <Description/>
        <Help/>
        <AD_Tab_ID reference="uuid" reference-key="AD_Tab">741d7f37-feb3-4f7a-ae09-6da69dd77b76</AD_Tab_ID>
        <AD_Column_ID reference="uuid" reference-key="AD_Column">a211b699-afde-4ba8-a9db-59f67e1be31c</AD_Column_ID>
        <IsDisplayed>Y</IsDisplayed>
        <DisplayLogic/>
        <DisplayLength>0</DisplayLength>
        <SeqNo>90</SeqNo>
        <SortNo>0</SortNo>
        <IsSameLine>N</IsSameLine>
        <IsHeading>N</IsHeading>
        <IsFieldOnly>N</IsFieldOnly>
        <IsEncrypted>N</IsEncrypted>
        <AD_Org_ID reference="id">0</AD_Org_ID>
        <IsActive>Y</IsActive>
        <IsReadOnly>N</IsReadOnly>
        <IsCentrallyMaintained>Y</IsCentrallyMaintained>
        <AD_FieldGroup_ID reference="id"/>
        <EntityType>IVS</EntityType>
        <ObscureType/>
        <AD_Reference_ID reference="id"/>
        <IsMandatory/>
        <DefaultValue/>
        <AD_Reference_Value_ID reference="id"/>
        <AD_Val_Rule_ID reference="id"/>
        <Included_Tab_ID reference="id"/>
        <AD_Field_UU>50f306d7-93dd-419c-b8ec-df40cdd5b455</AD_Field_UU>
        <IsAllowCopy/>
        <IsDisplayedGrid>Y</IsDisplayedGrid>
        <SeqNoGrid>110</SeqNoGrid>
        <XPosition>5</XPosition>
        <ColumnSpan>2</ColumnSpan>
        <NumLines>1</NumLines>
        <IsQuickEntry>N</IsQuickEntry>
        <IsUpdateable/>
        <IsAlwaysUpdateable/>
        <MandatoryLogic/>
        <ReadOnlyLogic/>
        <IsToolbarButton/>
        <IsDefaultFocus>N</IsDefaultFocus>
        <IsAdvancedField>N</IsAdvancedField>
        <VFormat/>
        <AD_LabelStyle_ID reference="id"/>
        <AD_FieldStyle_ID reference="id"/>
        <IsQuickForm>N</IsQuickForm>
        <Placeholder/>
        <IsSelectionColumn/>
        <AD_Val_Rule_Lookup_ID reference="id"/>
        <ColumnSQL/>
        <LIT_isQuickEntryPos>N</LIT_isQuickEntryPos>
        <AD_Field_Trl type="translation">
            <Description>Usar Solo cuentas del mismo Banco</Description>
            <Help>Usar Solo cuentas del mismo Banco en las Lineas</Help>
            <Name>Solo cuentas del mismo Banco</Name>
            <Placeholder/>
            <AD_Language>es_CO</AD_Language>
            <IsActive>Y</IsActive>
            <IsTranslated>Y</IsTranslated>
        </AD_Field_Trl>
        <AD_Field_Trl type="translation">
            <Description>Usar Solo cuentas del mismo Banco</Description>
            <Help>Usar Solo cuentas del mismo Banco en las Lineas</Help>
            <Name>Solo cuentas del mismo Banco</Name>
            <Placeholder/>
            <AD_Language>es_VE</AD_Language>
            <IsActive>Y</IsActive>
            <IsTranslated>Y</IsTranslated>
        </AD_Field_Trl>
    </AD_Field>
</idempiere>
