<?xml version="1.0" encoding="UTF-8"?><idempiere Name="AD_Window_Trl" Version="1.0.0" idempiereVersion="8.2.0.202112031148" DataBaseVersion="2020-12-20" Description="" Author="SuperUser" AuthorEmail="" CreatedDate="Wed Jun 15 13:05:13 VET 2022" UpdatedDate="Wed Jun 15 13:05:13 VET 2022" PackOutVersion="100" UpdateDictionary="true" Client="0-SYSTEM-System" AD_Client_UU="11237b53-9592-4af1-b3c5-afd216514b5d">
    <AD_Window_Trl type="table">
        <AD_Client_ID>0</AD_Client_ID>
        <AD_Org_ID>0</AD_Org_ID>
        <AD_Window_ID reference="uuid" reference-key="AD_Window">176a8521-e830-47d0-bbb6-f7867539cdf4</AD_Window_ID>
        <AD_Language>es_VE</AD_Language>
        <Description/>
        <Help/>
        <Name>Préstamos empleados</Name>
        <IsTranslated>Y</IsTranslated>
        <IsActive>Y</IsActive>
        <AD_Org_ID reference="id">0</AD_Org_ID>
        <AD_Window_Trl_UU>8daf6d33-a683-43ac-a4c3-183c2f95be5d</AD_Window_Trl_UU>
    </AD_Window_Trl>
</idempiere>
