<?xml version="1.0" encoding="UTF-8"?><idempiere Name="AD_Process" Version="1.0.0" idempiereVersion="8.2.0.202112031148" DataBaseVersion="2020-12-20" Description="" Author="SuperUser" AuthorEmail="" CreatedDate="Mon Jun 06 22:24:02 VET 2022" UpdatedDate="Mon Jun 06 22:24:02 VET 2022" PackOutVersion="100" UpdateDictionary="true" Client="0-SYSTEM-System" AD_Client_UU="11237b53-9592-4af1-b3c5-afd216514b5d">
    <AD_Attachment type="table">
        <AD_Client_ID>0</AD_Client_ID>
        <AD_Org_ID>0</AD_Org_ID>
        <AD_Org_ID reference="id">0</AD_Org_ID>
        <IsActive>Y</IsActive>
        <AD_Table_ID reference="id">284</AD_Table_ID>
        <Record_ID reference="uuid" reference-key="AD_Process">05e17ed9-594b-47b8-81fd-2216ae3d9bab</Record_ID>
        <BinaryData>1.dat|byte[]</BinaryData>
        <Title>zip</Title>
        <TextMsg/>
        <AD_Attachment_UU>a813d823-535a-43d3-b5aa-28e6dd2901b1</AD_Attachment_UU>
        <AD_StorageProvider_ID reference="id"/>
    </AD_Attachment>
    <AD_Process type="table">
        <AD_Client_ID>0</AD_Client_ID>
        <AD_Org_ID>0</AD_Org_ID>
        <AD_Org_ID reference="id">0</AD_Org_ID>
        <IsActive>Y</IsActive>
        <Name>Payroll Report</Name>
        <Description/>
        <Help/>
        <ProcedureName/>
        <IsReport>Y</IsReport>
        <Value>HR_Payroll_Report</Value>
        <IsDirectPrint>N</IsDirectPrint>
        <AD_ReportView_ID reference="id">0</AD_ReportView_ID>
        <Classname/>
        <AccessLevel>3</AccessLevel>
        <EntityType>ING_Payroll</EntityType>
        <Statistic_Count>0</Statistic_Count>
        <Statistic_Seconds>0</Statistic_Seconds>
        <AD_PrintFormat_ID reference="id"/>
        <WorkflowValue/>
        <AD_Workflow_ID reference="id"/>
        <IsBetaFunctionality>N</IsBetaFunctionality>
        <ShowHelp>Y</ShowHelp>
        <JasperReport>attachment:HR_Payroll_Report.jasper</JasperReport>
        <AD_Form_ID reference="id"/>
        <CopyFromProcess>N</CopyFromProcess>
        <AD_Process_UU>05e17ed9-594b-47b8-81fd-2216ae3d9bab</AD_Process_UU>
        <AD_CtxHelp_ID reference="id"/>
        <ExecutionType/>
        <AllowMultipleExecution>P</AllowMultipleExecution>
        <AD_Process_Trl type="translation">
            <Description/>
            <Help/>
            <Name>Reporte de Nomina</Name>
            <AD_Language>es_VE</AD_Language>
            <IsActive>Y</IsActive>
            <IsTranslated>Y</IsTranslated>
        </AD_Process_Trl>
        <AD_Process_Trl type="translation">
            <Description/>
            <Help/>
            <Name>Reporte de Nomina</Name>
            <AD_Language>es_CO</AD_Language>
            <IsActive>Y</IsActive>
            <IsTranslated>Y</IsTranslated>
        </AD_Process_Trl>
        <AD_Reference type="table">
            <AD_Reference_ID>19</AD_Reference_ID>
            <AD_Client_ID>0</AD_Client_ID>
            <AD_Org_ID>0</AD_Org_ID>
            <AD_Reference_ID>19</AD_Reference_ID>
            <Name>Table Direct</Name>
            <Description>Direct Table Access</Description>
            <Help/>
            <ValidationType>D</ValidationType>
            <AD_Org_ID reference="id">0</AD_Org_ID>
            <IsActive>Y</IsActive>
            <VFormat/>
            <EntityType>D</EntityType>
            <IsOrderByValue>N</IsOrderByValue>
            <AD_Reference_UU>85767149-7019-4224-a8d0-41f0d9d77d47</AD_Reference_UU>
            <AD_Element_ID reference="id"/>
            <AD_Reference_Trl type="translation">
                <Description>Acceso directo de tabla</Description>
                <Help/>
                <Name>Tabla Directa</Name>
                <AD_Language>es_CO</AD_Language>
                <IsActive>Y</IsActive>
                <IsTranslated>Y</IsTranslated>
            </AD_Reference_Trl>
            <AD_Reference_Trl type="translation">
                <Description>Acceso directo de tabla</Description>
                <Help/>
                <Name>Tabla Directa</Name>
                <AD_Language>es_VE</AD_Language>
                <IsActive>Y</IsActive>
                <IsTranslated>N</IsTranslated>
            </AD_Reference_Trl>
        </AD_Reference>
        <AD_Element type="table">
            <AD_Element_ID>53393</AD_Element_ID>
            <AD_Client_ID>0</AD_Client_ID>
            <AD_Org_ID>0</AD_Org_ID>
            <AD_Element_ID>53393</AD_Element_ID>
            <AD_Org_ID reference="id">0</AD_Org_ID>
            <IsActive>Y</IsActive>
            <ColumnName>HR_Payroll_ID</ColumnName>
            <Name>Payroll</Name>
            <Description/>
            <Help/>
            <PrintName>Payroll</PrintName>
            <PO_Description/>
            <PO_Help/>
            <PO_Name/>
            <PO_PrintName/>
            <EntityType>EE02</EntityType>
            <AD_Element_UU>4fa0b210-aecc-4b4f-a445-ef2844fe0267</AD_Element_UU>
            <Placeholder/>
            <AD_Element_Trl type="translation">
                <Description/>
                <Help/>
                <Name>Nómina</Name>
                <Placeholder/>
                <PO_Description/>
                <PO_Help/>
                <PO_Name/>
                <PO_PrintName/>
                <PrintName>Nómina</PrintName>
                <AD_Language>es_VE</AD_Language>
                <IsActive>Y</IsActive>
                <IsTranslated>Y</IsTranslated>
            </AD_Element_Trl>
            <AD_Element_Trl type="translation">
                <Description/>
                <Help/>
                <Name>Nómina</Name>
                <Placeholder/>
                <PO_Description/>
                <PO_Help/>
                <PO_Name/>
                <PO_PrintName/>
                <PrintName>Nómina</PrintName>
                <AD_Language>es_CO</AD_Language>
                <IsActive>Y</IsActive>
                <IsTranslated>Y</IsTranslated>
            </AD_Element_Trl>
        </AD_Element>
        <AD_Process_Para type="table">
            <AD_Client_ID>0</AD_Client_ID>
            <AD_Org_ID>0</AD_Org_ID>
            <AD_Org_ID reference="id">0</AD_Org_ID>
            <IsActive>Y</IsActive>
            <Name>Payroll</Name>
            <Description/>
            <Help/>
            <AD_Process_ID reference="uuid" reference-key="AD_Process">05e17ed9-594b-47b8-81fd-2216ae3d9bab</AD_Process_ID>
            <SeqNo>30</SeqNo>
            <AD_Reference_ID reference="id">19</AD_Reference_ID>
            <AD_Reference_Value_ID reference="id"/>
            <IsRange>N</IsRange>
            <AD_Val_Rule_ID reference="id"/>
            <FieldLength>0</FieldLength>
            <IsMandatory>N</IsMandatory>
            <DefaultValue/>
            <VFormat/>
            <ValueMin/>
            <ValueMax/>
            <ColumnName>HR_Payroll_ID</ColumnName>
            <DefaultValue2/>
            <IsCentrallyMaintained>Y</IsCentrallyMaintained>
            <EntityType>IVS</EntityType>
            <AD_Element_ID reference="id">53393</AD_Element_ID>
            <ReadOnlyLogic/>
            <DisplayLogic/>
            <AD_Process_Para_UU>4ec970cf-26f8-497e-875d-e70415e5c1fe</AD_Process_Para_UU>
            <IsEncrypted>N</IsEncrypted>
            <MandatoryLogic/>
            <Placeholder/>
            <Placeholder2/>
            <IsAutocomplete>N</IsAutocomplete>
            <AD_Process_Para_Trl type="translation">
                <Description/>
                <Help/>
                <Name>Nómina</Name>
                <Placeholder/>
                <Placeholder2/>
                <AD_Language>es_VE</AD_Language>
                <IsActive>Y</IsActive>
                <IsTranslated>Y</IsTranslated>
            </AD_Process_Para_Trl>
            <AD_Process_Para_Trl type="translation">
                <Description/>
                <Help/>
                <Name>Nómina</Name>
                <Placeholder/>
                <Placeholder2/>
                <AD_Language>es_CO</AD_Language>
                <IsActive>Y</IsActive>
                <IsTranslated>Y</IsTranslated>
            </AD_Process_Para_Trl>
        </AD_Process_Para>
        <AD_Reference type="table">
            <AD_Reference_ID>30</AD_Reference_ID>
            <AD_Client_ID>0</AD_Client_ID>
            <AD_Org_ID>0</AD_Org_ID>
            <AD_Reference_ID>30</AD_Reference_ID>
            <Name>Search</Name>
            <Description>Search Field</Description>
            <Help/>
            <ValidationType>D</ValidationType>
            <AD_Org_ID reference="id">0</AD_Org_ID>
            <IsActive>Y</IsActive>
            <VFormat/>
            <EntityType>ING_Payroll</EntityType>
            <IsOrderByValue>N</IsOrderByValue>
            <AD_Reference_UU>199e084e-6ad2-4bcd-8f5e-fdd08f4c0748</AD_Reference_UU>
            <AD_Element_ID reference="id"/>
            <AD_Reference_Trl type="translation">
                <Description>Campo de Búsqueda</Description>
                <Help/>
                <Name>Búsqueda</Name>
                <AD_Language>es_VE</AD_Language>
                <IsActive>Y</IsActive>
                <IsTranslated>Y</IsTranslated>
            </AD_Reference_Trl>
            <AD_Reference_Trl type="translation">
                <Description>Campo de Búsqueda</Description>
                <Help/>
                <Name>Búsqueda</Name>
                <AD_Language>es_CO</AD_Language>
                <IsActive>Y</IsActive>
                <IsTranslated>Y</IsTranslated>
            </AD_Reference_Trl>
        </AD_Reference>
        <AD_Reference type="table">
            <AD_Reference_ID>252</AD_Reference_ID>
            <AD_Client_ID>0</AD_Client_ID>
            <AD_Org_ID>0</AD_Org_ID>
            <AD_Reference_ID>252</AD_Reference_ID>
            <Name>C_BPartner Employee</Name>
            <Description>Business Partners who are Employee</Description>
            <Help/>
            <ValidationType>T</ValidationType>
            <AD_Org_ID reference="id">0</AD_Org_ID>
            <IsActive>Y</IsActive>
            <VFormat/>
            <EntityType>D</EntityType>
            <IsOrderByValue>N</IsOrderByValue>
            <AD_Reference_UU>19d0b9e0-fc8e-4060-a35d-278961357708</AD_Reference_UU>
            <AD_Element_ID reference="id"/>
            <AD_Reference_Trl type="translation">
                <Description>Terceros que son empleados</Description>
                <Help/>
                <Name>C_BPartner Employee</Name>
                <AD_Language>es_VE</AD_Language>
                <IsActive>Y</IsActive>
                <IsTranslated>Y</IsTranslated>
            </AD_Reference_Trl>
            <AD_Reference_Trl type="translation">
                <Description>Terceros que son empleados</Description>
                <Help/>
                <Name>C_BPartner Employee</Name>
                <AD_Language>es_CO</AD_Language>
                <IsActive>Y</IsActive>
                <IsTranslated>Y</IsTranslated>
            </AD_Reference_Trl>
            <AD_Ref_Table type="table">
                <AD_Reference_ID>252</AD_Reference_ID>
                <AD_Client_ID>0</AD_Client_ID>
                <AD_Org_ID>0</AD_Org_ID>
                <AD_Reference_ID reference="id">252</AD_Reference_ID>
                <AD_Table_ID reference="id">291</AD_Table_ID>
                <WhereClause>C_BPartner.IsEmployee='Y'</WhereClause>
                <OrderByClause/>
                <AD_Org_ID reference="id">0</AD_Org_ID>
                <IsActive>Y</IsActive>
                <IsValueDisplayed>N</IsValueDisplayed>
                <EntityType>D</EntityType>
                <AD_Window_ID reference="id"/>
                <AD_Ref_Table_UU>11991ebc-ee92-4b55-afcb-7c5f6a62f401</AD_Ref_Table_UU>
                <AD_InfoWindow_ID reference="id"/>
                <AD_Display reference="id">2902</AD_Display>
                <AD_Key reference="id">2893</AD_Key>
            </AD_Ref_Table>
        </AD_Reference>
        <AD_Element type="table">
            <AD_Element_ID>187</AD_Element_ID>
            <AD_Client_ID>0</AD_Client_ID>
            <AD_Org_ID>0</AD_Org_ID>
            <AD_Element_ID>187</AD_Element_ID>
            <AD_Org_ID reference="id">0</AD_Org_ID>
            <IsActive>Y</IsActive>
            <ColumnName>C_BPartner_ID</ColumnName>
            <Name>Business Partner </Name>
            <Description>Identifies a Business Partner</Description>
            <Help>A Business Partner is anyone with whom you transact.  This can include Vendor, Customer, Employee or Salesperson</Help>
            <PrintName>Business Partner </PrintName>
            <PO_Description/>
            <PO_Help/>
            <PO_Name/>
            <PO_PrintName/>
            <EntityType>D</EntityType>
            <AD_Element_UU>5f73bc9f-04e0-448f-978d-f2d3e18f2ac3</AD_Element_UU>
            <Placeholder/>
            <AD_Element_Trl type="translation">
                <Description>Identifica un Tercero</Description>
                <Help>Un tercero es cualquiera con quien usted realiza transacciones. Este puede incluir Proveedores, Clientes, Empleados o Vendedores.</Help>
                <Name>Tercero</Name>
                <Placeholder/>
                <PO_Description/>
                <PO_Help/>
                <PO_Name/>
                <PO_PrintName/>
                <PrintName>Tercero</PrintName>
                <AD_Language>es_CO</AD_Language>
                <IsActive>Y</IsActive>
                <IsTranslated>Y</IsTranslated>
            </AD_Element_Trl>
            <AD_Element_Trl type="translation">
                <Description>Identifica un Tercero</Description>
                <Help>Un tercero es cualquiera con quien usted realiza transacciones. Este puede incluir Proveedores, Clientes, Empleados o Vendedores.</Help>
                <Name>Tercero</Name>
                <Placeholder/>
                <PO_Description/>
                <PO_Help/>
                <PO_Name/>
                <PO_PrintName/>
                <PrintName>Tercero</PrintName>
                <AD_Language>es_VE</AD_Language>
                <IsActive>Y</IsActive>
                <IsTranslated>Y</IsTranslated>
            </AD_Element_Trl>
        </AD_Element>
        <AD_Process_Para type="table">
            <AD_Client_ID>0</AD_Client_ID>
            <AD_Org_ID>0</AD_Org_ID>
            <AD_Org_ID reference="id">0</AD_Org_ID>
            <IsActive>Y</IsActive>
            <Name>Business Partner </Name>
            <Description>Identifies a Business Partner</Description>
            <Help>A Business Partner is anyone with whom you transact.  This can include Vendor, Customer, Employee or Salesperson</Help>
            <AD_Process_ID reference="uuid" reference-key="AD_Process">05e17ed9-594b-47b8-81fd-2216ae3d9bab</AD_Process_ID>
            <SeqNo>20</SeqNo>
            <AD_Reference_ID reference="id">30</AD_Reference_ID>
            <AD_Reference_Value_ID reference="id">252</AD_Reference_Value_ID>
            <IsRange>N</IsRange>
            <AD_Val_Rule_ID reference="id"/>
            <FieldLength>0</FieldLength>
            <IsMandatory>N</IsMandatory>
            <DefaultValue/>
            <VFormat/>
            <ValueMin/>
            <ValueMax/>
            <ColumnName>C_BPartner_ID</ColumnName>
            <DefaultValue2/>
            <IsCentrallyMaintained>Y</IsCentrallyMaintained>
            <EntityType>ING_Payroll</EntityType>
            <AD_Element_ID reference="id">187</AD_Element_ID>
            <ReadOnlyLogic/>
            <DisplayLogic/>
            <AD_Process_Para_UU>a4457836-d993-48ad-bf28-71df12ecdda7</AD_Process_Para_UU>
            <IsEncrypted>N</IsEncrypted>
            <MandatoryLogic/>
            <Placeholder/>
            <Placeholder2/>
            <IsAutocomplete>N</IsAutocomplete>
            <AD_Process_Para_Trl type="translation">
                <Description>Identifica un Tercero</Description>
                <Help>Un tercero es cualquiera con quien usted realiza transacciones. Este puede incluir Proveedores, Clientes, Empleados o Vendedores.</Help>
                <Name>Tercero</Name>
                <Placeholder/>
                <Placeholder2/>
                <AD_Language>es_VE</AD_Language>
                <IsActive>Y</IsActive>
                <IsTranslated>Y</IsTranslated>
            </AD_Process_Para_Trl>
            <AD_Process_Para_Trl type="translation">
                <Description>Identifica un Tercero</Description>
                <Help>Un tercero es cualquiera con quien usted realiza transacciones. Este puede incluir Proveedores, Clientes, Empleados o Vendedores.</Help>
                <Name>Tercero</Name>
                <Placeholder/>
                <Placeholder2/>
                <AD_Language>es_CO</AD_Language>
                <IsActive>Y</IsActive>
                <IsTranslated>Y</IsTranslated>
            </AD_Process_Para_Trl>
        </AD_Process_Para>
        <AD_Element type="table">
            <AD_Element_ID>53407</AD_Element_ID>
            <AD_Client_ID>0</AD_Client_ID>
            <AD_Org_ID>0</AD_Org_ID>
            <AD_Element_ID>53407</AD_Element_ID>
            <AD_Org_ID reference="id">0</AD_Org_ID>
            <IsActive>Y</IsActive>
            <ColumnName>HR_Process_ID</ColumnName>
            <Name>Payroll Process</Name>
            <Description/>
            <Help/>
            <PrintName>Payroll Process</PrintName>
            <PO_Description/>
            <PO_Help/>
            <PO_Name/>
            <PO_PrintName/>
            <EntityType>EE02</EntityType>
            <AD_Element_UU>b845e21b-69a7-4607-a358-161b3c6e7ce7</AD_Element_UU>
            <Placeholder/>
            <AD_Element_Trl type="translation">
                <Description/>
                <Help/>
                <Name>Proceso Nómina</Name>
                <Placeholder/>
                <PO_Description/>
                <PO_Help/>
                <PO_Name/>
                <PO_PrintName/>
                <PrintName>Proceso Nómina</PrintName>
                <AD_Language>es_VE</AD_Language>
                <IsActive>Y</IsActive>
                <IsTranslated>Y</IsTranslated>
            </AD_Element_Trl>
            <AD_Element_Trl type="translation">
                <Description/>
                <Help/>
                <Name>Proceso Nómina</Name>
                <Placeholder/>
                <PO_Description/>
                <PO_Help/>
                <PO_Name/>
                <PO_PrintName/>
                <PrintName>Proceso Nómina</PrintName>
                <AD_Language>es_CO</AD_Language>
                <IsActive>Y</IsActive>
                <IsTranslated>Y</IsTranslated>
            </AD_Element_Trl>
        </AD_Element>
        <AD_Process_Para type="table">
            <AD_Client_ID>0</AD_Client_ID>
            <AD_Org_ID>0</AD_Org_ID>
            <AD_Org_ID reference="id">0</AD_Org_ID>
            <IsActive>Y</IsActive>
            <Name>Payroll Process</Name>
            <Description/>
            <Help/>
            <AD_Process_ID reference="uuid" reference-key="AD_Process">05e17ed9-594b-47b8-81fd-2216ae3d9bab</AD_Process_ID>
            <SeqNo>10</SeqNo>
            <AD_Reference_ID reference="id">30</AD_Reference_ID>
            <AD_Reference_Value_ID reference="id"/>
            <IsRange>N</IsRange>
            <AD_Val_Rule_ID reference="id"/>
            <FieldLength>0</FieldLength>
            <IsMandatory>N</IsMandatory>
            <DefaultValue/>
            <VFormat/>
            <ValueMin/>
            <ValueMax/>
            <ColumnName>HR_Process_ID</ColumnName>
            <DefaultValue2/>
            <IsCentrallyMaintained>Y</IsCentrallyMaintained>
            <EntityType>ING_Payroll</EntityType>
            <AD_Element_ID reference="id">53407</AD_Element_ID>
            <ReadOnlyLogic/>
            <DisplayLogic/>
            <AD_Process_Para_UU>bd431eae-dcda-40c1-9f36-c428aaba200e</AD_Process_Para_UU>
            <IsEncrypted>N</IsEncrypted>
            <MandatoryLogic/>
            <Placeholder/>
            <Placeholder2/>
            <IsAutocomplete>N</IsAutocomplete>
            <AD_Process_Para_Trl type="translation">
                <Description/>
                <Help/>
                <Name>Proceso Nómina</Name>
                <Placeholder/>
                <Placeholder2/>
                <AD_Language>es_VE</AD_Language>
                <IsActive>Y</IsActive>
                <IsTranslated>Y</IsTranslated>
            </AD_Process_Para_Trl>
            <AD_Process_Para_Trl type="translation">
                <Description/>
                <Help/>
                <Name>Proceso Nómina</Name>
                <Placeholder/>
                <Placeholder2/>
                <AD_Language>es_CO</AD_Language>
                <IsActive>Y</IsActive>
                <IsTranslated>Y</IsTranslated>
            </AD_Process_Para_Trl>
        </AD_Process_Para>
        <AD_Reference type="table">
            <AD_Reference_ID>15</AD_Reference_ID>
            <AD_Client_ID>0</AD_Client_ID>
            <AD_Org_ID>0</AD_Org_ID>
            <AD_Reference_ID>15</AD_Reference_ID>
            <Name>Date</Name>
            <Description>Date mm/dd/yyyy</Description>
            <Help/>
            <ValidationType>D</ValidationType>
            <AD_Org_ID reference="id">0</AD_Org_ID>
            <IsActive>Y</IsActive>
            <VFormat/>
            <EntityType>D</EntityType>
            <IsOrderByValue>N</IsOrderByValue>
            <AD_Reference_UU>fea92a20-5ea7-445c-b010-101d74f5e124</AD_Reference_UU>
            <AD_Element_ID reference="id"/>
            <AD_Reference_Trl type="translation">
                <Description>Fecha mm/dd/aaaa</Description>
                <Help/>
                <Name>Fecha</Name>
                <AD_Language>es_CO</AD_Language>
                <IsActive>Y</IsActive>
                <IsTranslated>Y</IsTranslated>
            </AD_Reference_Trl>
            <AD_Reference_Trl type="translation">
                <Description>Fecha mm/dd/aaaa</Description>
                <Help/>
                <Name>Fecha</Name>
                <AD_Language>es_VE</AD_Language>
                <IsActive>Y</IsActive>
                <IsTranslated>Y</IsTranslated>
            </AD_Reference_Trl>
        </AD_Reference>
        <AD_Element type="table">
            <AD_Element_ID>617</AD_Element_ID>
            <AD_Client_ID>0</AD_Client_ID>
            <AD_Org_ID>0</AD_Org_ID>
            <AD_Element_ID>617</AD_Element_ID>
            <AD_Org_ID reference="id">0</AD_Org_ID>
            <IsActive>Y</IsActive>
            <ColumnName>ValidFrom</ColumnName>
            <Name>Valid from</Name>
            <Description>Valid from including this date (first day)</Description>
            <Help>The Valid From date indicates the first day of a date range</Help>
            <PrintName>Valid from</PrintName>
            <PO_Description/>
            <PO_Help/>
            <PO_Name/>
            <PO_PrintName/>
            <EntityType>D</EntityType>
            <AD_Element_UU>17eb4db3-d076-4245-9fd2-b7dca0cc6c14</AD_Element_UU>
            <Placeholder/>
            <AD_Element_Trl type="translation">
                <Description>Válido desde; incluyendo esta fecha (primer día)</Description>
                <Help>La fecha válida desde indica el primer día de un rango de fechas</Help>
                <Name>Válido Desde</Name>
                <Placeholder/>
                <PO_Description/>
                <PO_Help/>
                <PO_Name/>
                <PO_PrintName/>
                <PrintName>Válido Desde</PrintName>
                <AD_Language>es_CO</AD_Language>
                <IsActive>Y</IsActive>
                <IsTranslated>Y</IsTranslated>
            </AD_Element_Trl>
            <AD_Element_Trl type="translation">
                <Description>Válido desde; incluyendo esta fecha (primer día)</Description>
                <Help>La fecha válida desde indica el primer día de un rango de fechas</Help>
                <Name>Válido Desde</Name>
                <Placeholder/>
                <PO_Description/>
                <PO_Help/>
                <PO_Name/>
                <PO_PrintName/>
                <PrintName>Válido Desde</PrintName>
                <AD_Language>es_VE</AD_Language>
                <IsActive>Y</IsActive>
                <IsTranslated>Y</IsTranslated>
            </AD_Element_Trl>
        </AD_Element>
        <AD_Process_Para type="table">
            <AD_Client_ID>0</AD_Client_ID>
            <AD_Org_ID>0</AD_Org_ID>
            <AD_Org_ID reference="id">0</AD_Org_ID>
            <IsActive>Y</IsActive>
            <Name>Valid from</Name>
            <Description>Valid from including this date (first day)</Description>
            <Help>The Valid From date indicates the first day of a date range</Help>
            <AD_Process_ID reference="uuid" reference-key="AD_Process">05e17ed9-594b-47b8-81fd-2216ae3d9bab</AD_Process_ID>
            <SeqNo>40</SeqNo>
            <AD_Reference_ID reference="id">15</AD_Reference_ID>
            <AD_Reference_Value_ID reference="id"/>
            <IsRange>N</IsRange>
            <AD_Val_Rule_ID reference="id"/>
            <FieldLength>0</FieldLength>
            <IsMandatory>N</IsMandatory>
            <DefaultValue/>
            <VFormat/>
            <ValueMin/>
            <ValueMax/>
            <ColumnName>ValidFrom</ColumnName>
            <DefaultValue2/>
            <IsCentrallyMaintained>Y</IsCentrallyMaintained>
            <EntityType>IVS</EntityType>
            <AD_Element_ID reference="id">617</AD_Element_ID>
            <ReadOnlyLogic/>
            <DisplayLogic/>
            <AD_Process_Para_UU>4b652735-c3bb-48e7-8150-687f5153a864</AD_Process_Para_UU>
            <IsEncrypted>N</IsEncrypted>
            <MandatoryLogic/>
            <Placeholder/>
            <Placeholder2/>
            <IsAutocomplete>N</IsAutocomplete>
            <AD_Process_Para_Trl type="translation">
                <Description>Válido desde; incluyendo esta fecha (primer día)</Description>
                <Help>La fecha válida desde indica el primer día de un rango de fechas</Help>
                <Name>Válido Desde</Name>
                <Placeholder/>
                <Placeholder2/>
                <AD_Language>es_VE</AD_Language>
                <IsActive>Y</IsActive>
                <IsTranslated>Y</IsTranslated>
            </AD_Process_Para_Trl>
            <AD_Process_Para_Trl type="translation">
                <Description>Válido desde; incluyendo esta fecha (primer día)</Description>
                <Help>La fecha válida desde indica el primer día de un rango de fechas</Help>
                <Name>Válido Desde</Name>
                <Placeholder/>
                <Placeholder2/>
                <AD_Language>es_CO</AD_Language>
                <IsActive>Y</IsActive>
                <IsTranslated>Y</IsTranslated>
            </AD_Process_Para_Trl>
        </AD_Process_Para>
        <AD_Element type="table">
            <AD_Element_ID>618</AD_Element_ID>
            <AD_Client_ID>0</AD_Client_ID>
            <AD_Org_ID>0</AD_Org_ID>
            <AD_Element_ID>618</AD_Element_ID>
            <AD_Org_ID reference="id">0</AD_Org_ID>
            <IsActive>Y</IsActive>
            <ColumnName>ValidTo</ColumnName>
            <Name>Valid to</Name>
            <Description>Valid to including this date (last day)</Description>
            <Help>The Valid To date indicates the last day of a date range</Help>
            <PrintName>Valid to</PrintName>
            <PO_Description/>
            <PO_Help/>
            <PO_Name/>
            <PO_PrintName/>
            <EntityType>D</EntityType>
            <AD_Element_UU>954cd3f9-a797-4629-840f-10eb6dcbdf17</AD_Element_UU>
            <Placeholder/>
            <AD_Element_Trl type="translation">
                <Description>Válido hasta; incluyendo esta fecha (ultimo día)</Description>
                <Help>La fecha válida hasta indica el último día de un rango de fechas</Help>
                <Name>Válido Hasta</Name>
                <Placeholder/>
                <PO_Description/>
                <PO_Help/>
                <PO_Name/>
                <PO_PrintName/>
                <PrintName>Válido Hasta</PrintName>
                <AD_Language>es_CO</AD_Language>
                <IsActive>Y</IsActive>
                <IsTranslated>Y</IsTranslated>
            </AD_Element_Trl>
            <AD_Element_Trl type="translation">
                <Description>Válido hasta; incluyendo esta fecha (ultimo día)</Description>
                <Help>La fecha válida hasta indica el último día de un rango de fechas</Help>
                <Name>Válido Hasta</Name>
                <Placeholder/>
                <PO_Description/>
                <PO_Help/>
                <PO_Name/>
                <PO_PrintName/>
                <PrintName>Válido Hasta</PrintName>
                <AD_Language>es_VE</AD_Language>
                <IsActive>Y</IsActive>
                <IsTranslated>Y</IsTranslated>
            </AD_Element_Trl>
        </AD_Element>
        <AD_Process_Para type="table">
            <AD_Client_ID>0</AD_Client_ID>
            <AD_Org_ID>0</AD_Org_ID>
            <AD_Org_ID reference="id">0</AD_Org_ID>
            <IsActive>Y</IsActive>
            <Name>Valid to</Name>
            <Description>Valid to including this date (last day)</Description>
            <Help>The Valid To date indicates the last day of a date range</Help>
            <AD_Process_ID reference="uuid" reference-key="AD_Process">05e17ed9-594b-47b8-81fd-2216ae3d9bab</AD_Process_ID>
            <SeqNo>50</SeqNo>
            <AD_Reference_ID reference="id">15</AD_Reference_ID>
            <AD_Reference_Value_ID reference="id"/>
            <IsRange>N</IsRange>
            <AD_Val_Rule_ID reference="id"/>
            <FieldLength>0</FieldLength>
            <IsMandatory>N</IsMandatory>
            <DefaultValue>@Date@</DefaultValue>
            <VFormat/>
            <ValueMin/>
            <ValueMax/>
            <ColumnName>ValidTo</ColumnName>
            <DefaultValue2/>
            <IsCentrallyMaintained>Y</IsCentrallyMaintained>
            <EntityType>IVS</EntityType>
            <AD_Element_ID reference="id">618</AD_Element_ID>
            <ReadOnlyLogic/>
            <DisplayLogic/>
            <AD_Process_Para_UU>5cbbd558-a1a6-44c7-afdd-2f4328be3351</AD_Process_Para_UU>
            <IsEncrypted>N</IsEncrypted>
            <MandatoryLogic/>
            <Placeholder/>
            <Placeholder2/>
            <IsAutocomplete>N</IsAutocomplete>
            <AD_Process_Para_Trl type="translation">
                <Description>Válido hasta; incluyendo esta fecha (ultimo día)</Description>
                <Help>La fecha válida hasta indica el último día de un rango de fechas</Help>
                <Name>Válido Hasta</Name>
                <Placeholder/>
                <Placeholder2/>
                <AD_Language>es_VE</AD_Language>
                <IsActive>Y</IsActive>
                <IsTranslated>Y</IsTranslated>
            </AD_Process_Para_Trl>
            <AD_Process_Para_Trl type="translation">
                <Description>Válido hasta; incluyendo esta fecha (ultimo día)</Description>
                <Help>La fecha válida hasta indica el último día de un rango de fechas</Help>
                <Name>Válido Hasta</Name>
                <Placeholder/>
                <Placeholder2/>
                <AD_Language>es_CO</AD_Language>
                <IsActive>Y</IsActive>
                <IsTranslated>Y</IsTranslated>
            </AD_Process_Para_Trl>
        </AD_Process_Para>
        <AD_Val_Rule type="table">
            <AD_Val_Rule_ID>200091</AD_Val_Rule_ID>
            <AD_Client_ID>0</AD_Client_ID>
            <AD_Org_ID>0</AD_Org_ID>
            <AD_Val_Rule_ID>200091</AD_Val_Rule_ID>
            <Name>C_Currency in accounting schema</Name>
            <Description>Available currencies are based on the schemas currency.</Description>
            <Type>S</Type>
            <Code>C_Currency_ID in (SELECT C_Currency_ID FROM C_AcctSchema Where AD_Client_ID = @AD_Client_ID@ AND (IsMemberOfAcctSchema(AD_Client_ID,@AD_Org_ID@,C_AcctSchema_ID) OR AD_OrgOnly_ID Is NULL ))</Code>
            <AD_Org_ID reference="id">0</AD_Org_ID>
            <IsActive>Y</IsActive>
            <EntityType>D</EntityType>
            <AD_Val_Rule_UU>b632eb71-14ab-498f-b956-58f549082dea</AD_Val_Rule_UU>
        </AD_Val_Rule>
        <AD_Element type="table">
            <AD_Element_ID>193</AD_Element_ID>
            <AD_Client_ID>0</AD_Client_ID>
            <AD_Org_ID>0</AD_Org_ID>
            <AD_Element_ID>193</AD_Element_ID>
            <AD_Org_ID reference="id">0</AD_Org_ID>
            <IsActive>Y</IsActive>
            <ColumnName>C_Currency_ID</ColumnName>
            <Name>Currency</Name>
            <Description>The Currency for this record</Description>
            <Help>Indicates the Currency to be used when processing or reporting on this record</Help>
            <PrintName>Currency</PrintName>
            <PO_Description/>
            <PO_Help/>
            <PO_Name/>
            <PO_PrintName/>
            <EntityType>D</EntityType>
            <AD_Element_UU>93bc198b-7452-4bf6-bbd3-268acd9f7b7f</AD_Element_UU>
            <Placeholder/>
            <AD_Element_Trl type="translation">
                <Description>Moneda para este registro</Description>
                <Help>Indica la moneda a ser usada cuando se procese o Informe este registro</Help>
                <Name>Moneda</Name>
                <Placeholder/>
                <PO_Description/>
                <PO_Help/>
                <PO_Name/>
                <PO_PrintName/>
                <PrintName>Moneda</PrintName>
                <AD_Language>es_CO</AD_Language>
                <IsActive>Y</IsActive>
                <IsTranslated>Y</IsTranslated>
            </AD_Element_Trl>
            <AD_Element_Trl type="translation">
                <Description>Moneda para este registro</Description>
                <Help>Indica la moneda a ser usada cuando se procese o Informe este registro</Help>
                <Name>Moneda</Name>
                <Placeholder/>
                <PO_Description/>
                <PO_Help/>
                <PO_Name/>
                <PO_PrintName/>
                <PrintName>Moneda</PrintName>
                <AD_Language>es_VE</AD_Language>
                <IsActive>Y</IsActive>
                <IsTranslated>Y</IsTranslated>
            </AD_Element_Trl>
        </AD_Element>
        <AD_Process_Para type="table">
            <AD_Client_ID>0</AD_Client_ID>
            <AD_Org_ID>0</AD_Org_ID>
            <AD_Org_ID reference="id">0</AD_Org_ID>
            <IsActive>Y</IsActive>
            <Name>Currency</Name>
            <Description>The Currency for this record</Description>
            <Help>Indicates the Currency to be used when processing or reporting on this record</Help>
            <AD_Process_ID reference="uuid" reference-key="AD_Process">05e17ed9-594b-47b8-81fd-2216ae3d9bab</AD_Process_ID>
            <SeqNo>60</SeqNo>
            <AD_Reference_ID reference="id">19</AD_Reference_ID>
            <AD_Reference_Value_ID reference="id"/>
            <IsRange>N</IsRange>
            <AD_Val_Rule_ID reference="id">200091</AD_Val_Rule_ID>
            <FieldLength>0</FieldLength>
            <IsMandatory>Y</IsMandatory>
            <DefaultValue/>
            <VFormat/>
            <ValueMin/>
            <ValueMax/>
            <ColumnName>C_Currency_ID</ColumnName>
            <DefaultValue2/>
            <IsCentrallyMaintained>Y</IsCentrallyMaintained>
            <EntityType>ING_Payroll</EntityType>
            <AD_Element_ID reference="id">193</AD_Element_ID>
            <ReadOnlyLogic/>
            <DisplayLogic/>
            <AD_Process_Para_UU>2b87ee15-fa26-4a07-82c7-ccb1e4512d20</AD_Process_Para_UU>
            <IsEncrypted>N</IsEncrypted>
            <MandatoryLogic/>
            <Placeholder/>
            <Placeholder2/>
            <IsAutocomplete>N</IsAutocomplete>
            <AD_Process_Para_Trl type="translation">
                <Description>Moneda para este registro</Description>
                <Help>Indica la moneda a ser usada cuando se procese o Informe este registro</Help>
                <Name>Moneda</Name>
                <Placeholder/>
                <Placeholder2/>
                <AD_Language>es_VE</AD_Language>
                <IsActive>Y</IsActive>
                <IsTranslated>Y</IsTranslated>
            </AD_Process_Para_Trl>
            <AD_Process_Para_Trl type="translation">
                <Description>Moneda para este registro</Description>
                <Help>Indica la moneda a ser usada cuando se procese o Informe este registro</Help>
                <Name>Moneda</Name>
                <Placeholder/>
                <Placeholder2/>
                <AD_Language>es_CO</AD_Language>
                <IsActive>Y</IsActive>
                <IsTranslated>Y</IsTranslated>
            </AD_Process_Para_Trl>
        </AD_Process_Para>
    </AD_Process>
</idempiere>
