<?xml version="1.0" encoding="UTF-8"?><idempiere Name="AD_Menu_Trl" Version="1.0.0" idempiereVersion="8.2.0.qualifier" DataBaseVersion="2020-12-20" Description="" Author="SuperUser" AuthorEmail="albeddyg@gmail.com" CreatedDate="Tue Feb 15 13:58:37 VET 2022" UpdatedDate="Tue Feb 15 13:58:37 VET 2022" PackOutVersion="100" UpdateDictionary="true" Client="0-SYSTEM-System" AD_Client_UU="11237b53-9592-4af1-b3c5-afd216514b5d">
    <AD_Menu_Trl type="table">
        <AD_Client_ID>0</AD_Client_ID>
        <AD_Org_ID>0</AD_Org_ID>
        <AD_Menu_ID reference="uuid" reference-key="AD_Menu">4bfd6ed2-a6b1-4ea4-8299-8ddffddac542</AD_Menu_ID>
        <AD_Language>es_VE</AD_Language>
        <Name>Turnos de empleados</Name>
        <Description/>
        <IsTranslated>Y</IsTranslated>
        <IsActive>Y</IsActive>
        <AD_Org_ID reference="id">0</AD_Org_ID>
        <AD_Menu_Trl_UU>634fe854-2873-4c37-9281-842f2199d826</AD_Menu_Trl_UU>
    </AD_Menu_Trl>
    <AD_Window_Trl type="table">
        <AD_Client_ID>0</AD_Client_ID>
        <AD_Org_ID>0</AD_Org_ID>
        <AD_Window_ID reference="uuid" reference-key="AD_Window">ff30c79f-d397-456c-8d3d-3c859553925c</AD_Window_ID>
        <AD_Language>es_VE</AD_Language>
        <Description/>
        <Help/>
        <Name>Generador de incidencias de turnos</Name>
        <IsTranslated>Y</IsTranslated>
        <IsActive>Y</IsActive>
        <AD_Org_ID reference="id">0</AD_Org_ID>
        <AD_Window_Trl_UU>cb148fea-8698-4a10-b8b5-cfac934d880f</AD_Window_Trl_UU>
    </AD_Window_Trl>
    <AD_Window_Trl type="table">
        <AD_Client_ID>0</AD_Client_ID>
        <AD_Org_ID>0</AD_Org_ID>
        <AD_Window_ID reference="uuid" reference-key="AD_Window">96853ece-32de-47f8-bba4-7598f4176ae5</AD_Window_ID>
        <AD_Language>es_VE</AD_Language>
        <Description/>
        <Help/>
        <Name>Turnos de Empleados</Name>
        <IsTranslated>Y</IsTranslated>
        <IsActive>Y</IsActive>
        <AD_Org_ID reference="id">0</AD_Org_ID>
        <AD_Window_Trl_UU>f22be79f-1696-4169-b479-fe2c61c86d9b</AD_Window_Trl_UU>
    </AD_Window_Trl>
    <AD_Tab_Trl type="table">
        <AD_Client_ID>0</AD_Client_ID>
        <AD_Org_ID>0</AD_Org_ID>
        <AD_Tab_ID reference="uuid" reference-key="AD_Tab">2dc29833-1f9b-4551-9a6c-cc1196f81d1d</AD_Tab_ID>
        <AD_Language>es_VE</AD_Language>
        <Name>Turnos de Empleados</Name>
        <Description/>
        <Help/>
        <IsTranslated>Y</IsTranslated>
        <IsActive>Y</IsActive>
        <AD_Org_ID reference="id">0</AD_Org_ID>
        <CommitWarning/>
        <AD_Tab_Trl_UU>eeb49db9-fe57-431d-b222-701b9a6bc5aa</AD_Tab_Trl_UU>
    </AD_Tab_Trl>
    <AD_Tab_Trl type="table">
        <AD_Client_ID>0</AD_Client_ID>
        <AD_Org_ID>0</AD_Org_ID>
        <AD_Tab_ID reference="uuid" reference-key="AD_Tab">fcbc90dd-d47f-42b8-98df-4552f7f7524d</AD_Tab_ID>
        <AD_Language>es_VE</AD_Language>
        <Name>Incidencias por Turno</Name>
        <Description/>
        <Help/>
        <IsTranslated>Y</IsTranslated>
        <IsActive>Y</IsActive>
        <AD_Org_ID reference="id">0</AD_Org_ID>
        <CommitWarning/>
        <AD_Tab_Trl_UU>b3930630-604b-4fc2-a358-595a35707d6c</AD_Tab_Trl_UU>
    </AD_Tab_Trl>
    <AD_Tab_Trl type="table">
        <AD_Client_ID>0</AD_Client_ID>
        <AD_Org_ID>0</AD_Org_ID>
        <AD_Tab_ID reference="uuid" reference-key="AD_Tab">307c1421-2f0e-4345-972f-292bd9b5bf16</AD_Tab_ID>
        <AD_Language>es_VE</AD_Language>
        <Name>Generador de incidencias de turnos</Name>
        <Description/>
        <Help/>
        <IsTranslated>Y</IsTranslated>
        <IsActive>Y</IsActive>
        <AD_Org_ID reference="id">0</AD_Org_ID>
        <CommitWarning/>
        <AD_Tab_Trl_UU>48dbe02c-dffe-41d4-a171-3b92f2330aeb</AD_Tab_Trl_UU>
    </AD_Tab_Trl>
    <AD_Tab_Trl type="table">
        <AD_Client_ID>0</AD_Client_ID>
        <AD_Org_ID>0</AD_Org_ID>
        <AD_Tab_ID reference="uuid" reference-key="AD_Tab">e953ca39-ccba-4a30-a18f-c99a529a3728</AD_Tab_ID>
        <AD_Language>es_VE</AD_Language>
        <Name>Lineas</Name>
        <Description/>
        <Help/>
        <IsTranslated>Y</IsTranslated>
        <IsActive>Y</IsActive>
        <AD_Org_ID reference="id">0</AD_Org_ID>
        <CommitWarning/>
        <AD_Tab_Trl_UU>cc872be2-7ce9-4f38-b50f-159c45201655</AD_Tab_Trl_UU>
    </AD_Tab_Trl>
    <AD_Tab_Trl type="table">
        <AD_Client_ID>0</AD_Client_ID>
        <AD_Org_ID>0</AD_Org_ID>
        <AD_Tab_ID reference="uuid" reference-key="AD_Tab">7465711d-a06a-44ab-913c-fc570f0f8eda</AD_Tab_ID>
        <AD_Language>es_VE</AD_Language>
        <Name>incidencias por empleado</Name>
        <Description/>
        <Help/>
        <IsTranslated>Y</IsTranslated>
        <IsActive>Y</IsActive>
        <AD_Org_ID reference="id">0</AD_Org_ID>
        <CommitWarning/>
        <AD_Tab_Trl_UU>ff6f68f1-5a7f-417e-87cf-901898456357</AD_Tab_Trl_UU>
    </AD_Tab_Trl>
    <AD_Window_Trl type="table">
        <AD_Client_ID>0</AD_Client_ID>
        <AD_Org_ID>0</AD_Org_ID>
        <AD_Window_ID reference="uuid" reference-key="AD_Window">176a8521-e830-47d0-bbb6-f7867539cdf4</AD_Window_ID>
        <AD_Language>es_VE</AD_Language>
        <Description/>
        <Help/>
        <Name>Préstamos empleados</Name>
        <IsTranslated>Y</IsTranslated>
        <IsActive>Y</IsActive>
        <AD_Org_ID reference="id">0</AD_Org_ID>
        <AD_Window_Trl_UU>2ee3ac29-2429-48a3-95f7-73fafb3a3e15</AD_Window_Trl_UU>
    </AD_Window_Trl>
    <AD_Tab_Trl type="table">
        <AD_Client_ID>0</AD_Client_ID>
        <AD_Org_ID>0</AD_Org_ID>
        <AD_Tab_ID reference="uuid" reference-key="AD_Tab">48f8c219-1592-49df-8e73-b58f9bc9ecc1</AD_Tab_ID>
        <AD_Language>es_VE</AD_Language>
        <Name>Prestamos</Name>
        <Description/>
        <Help/>
        <IsTranslated>Y</IsTranslated>
        <IsActive>Y</IsActive>
        <AD_Org_ID reference="id">0</AD_Org_ID>
        <CommitWarning/>
        <AD_Tab_Trl_UU>270a31ec-3d29-458b-8fcf-191d3c50bd34</AD_Tab_Trl_UU>
    </AD_Tab_Trl>
    <AD_Tab_Trl type="table">
        <AD_Client_ID>0</AD_Client_ID>
        <AD_Org_ID>0</AD_Org_ID>
        <AD_Tab_ID reference="uuid" reference-key="AD_Tab">7b07ce3f-e808-4f26-9913-41ec5dac1b0b</AD_Tab_ID>
        <AD_Language>es_VE</AD_Language>
        <Name>Lineas</Name>
        <Description/>
        <Help/>
        <IsTranslated>Y</IsTranslated>
        <IsActive>Y</IsActive>
        <AD_Org_ID reference="id">0</AD_Org_ID>
        <CommitWarning/>
        <AD_Tab_Trl_UU>748e455c-4eb7-4dc4-b6d9-64439aef0a22</AD_Tab_Trl_UU>
    </AD_Tab_Trl>
    <AD_Process_Trl type="table">
        <AD_Client_ID>0</AD_Client_ID>
        <AD_Org_ID>0</AD_Org_ID>
        <AD_Process_ID reference="uuid" reference-key="AD_Process">da9046af-bc62-47b7-8171-f7e72ec75b26</AD_Process_ID>
        <AD_Language>es_VE</AD_Language>
        <AD_Org_ID reference="id">0</AD_Org_ID>
        <IsActive>Y</IsActive>
        <Name>Asignaciones y Deducciones</Name>
        <Description/>
        <Help/>
        <IsTranslated>Y</IsTranslated>
        <AD_Process_Trl_UU>41a69740-f3c1-47c8-aa93-bd4680bc2d66</AD_Process_Trl_UU>
    </AD_Process_Trl>
    <AD_Process_Trl type="table">
        <AD_Client_ID>0</AD_Client_ID>
        <AD_Org_ID>0</AD_Org_ID>
        <AD_Process_ID reference="uuid" reference-key="AD_Process">05e17ed9-594b-47b8-81fd-2216ae3d9bab</AD_Process_ID>
        <AD_Language>es_VE</AD_Language>
        <AD_Org_ID reference="id">0</AD_Org_ID>
        <IsActive>Y</IsActive>
        <Name>Reporte de Nomina</Name>
        <Description/>
        <Help/>
        <IsTranslated>Y</IsTranslated>
        <AD_Process_Trl_UU>f103658a-936b-44f7-9821-26683de62737</AD_Process_Trl_UU>
    </AD_Process_Trl>
    <AD_Process_Trl type="table">
        <AD_Client_ID>0</AD_Client_ID>
        <AD_Org_ID>0</AD_Org_ID>
        <AD_Process_ID reference="uuid" reference-key="AD_Process">9804f5a1-95e8-4fbe-bb55-6ef61d27ca9a</AD_Process_ID>
        <AD_Language>es_VE</AD_Language>
        <AD_Org_ID reference="id">0</AD_Org_ID>
        <IsActive>Y</IsActive>
        <Name>Recibo de Pago Nomina</Name>
        <Description/>
        <Help/>
        <IsTranslated>Y</IsTranslated>
        <AD_Process_Trl_UU>28309c0f-82de-4e76-b699-4de9f9693d39</AD_Process_Trl_UU>
    </AD_Process_Trl>
    <AD_Tab_Trl type="table">
        <AD_Client_ID>0</AD_Client_ID>
        <AD_Org_ID>0</AD_Org_ID>
        <AD_Tab_ID reference="uuid" reference-key="AD_Tab">6967b6c9-3fd8-43a1-86e1-30f27642bdd7</AD_Tab_ID>
        <AD_Language>es_VE</AD_Language>
        <Name>Movimientos de Nomina</Name>
        <Description/>
        <Help/>
        <IsTranslated>Y</IsTranslated>
        <IsActive>Y</IsActive>
        <AD_Org_ID reference="id">0</AD_Org_ID>
        <CommitWarning/>
        <AD_Tab_Trl_UU>dd592e28-3def-4ebd-aed1-fb522b0be3e4</AD_Tab_Trl_UU>
    </AD_Tab_Trl>
    <AD_Tab_Trl type="table">
        <AD_Client_ID>0</AD_Client_ID>
        <AD_Org_ID>0</AD_Org_ID>
        <AD_Tab_ID reference="uuid" reference-key="AD_Tab">eac87055-6b78-4bf1-adec-31538af368c7</AD_Tab_ID>
        <AD_Language>es_VE</AD_Language>
        <Name>Movimientos Acumulados</Name>
        <Description/>
        <Help/>
        <IsTranslated>Y</IsTranslated>
        <IsActive>Y</IsActive>
        <AD_Org_ID reference="id">0</AD_Org_ID>
        <CommitWarning/>
        <AD_Tab_Trl_UU>a882f29d-2005-4bd0-8017-da1865e3b874</AD_Tab_Trl_UU>
    </AD_Tab_Trl>
</idempiere>
