<?xml version="1.0" encoding="UTF-8"?><idempiere Name="AD_PrintFormat" Version="1.0.0" idempiereVersion="8.2.0.qualifier" DataBaseVersion="2020-12-20" Description="" Author="SuperUser" AuthorEmail="" CreatedDate="Mon Jul 04 13:48:51 VET 2022" UpdatedDate="Mon Jul 04 13:48:51 VET 2022" PackOutVersion="100" UpdateDictionary="true" Client="0-SYSTEM-System" AD_Client_UU="11237b53-9592-4af1-b3c5-afd216514b5d">
    <AD_PrintPaper type="table">
        <AD_PrintPaper_ID>100</AD_PrintPaper_ID>
        <AD_Client_ID>0</AD_Client_ID>
        <AD_Org_ID>0</AD_Org_ID>
        <AD_PrintPaper_ID>100</AD_PrintPaper_ID>
        <Description>1/2 inch margin on all sides</Description>
        <Name>Letter Landscape</Name>
        <IsActive>Y</IsActive>
        <Code>na-letter</Code>
        <AD_Org_ID reference="id">0</AD_Org_ID>
        <IsLandscape>Y</IsLandscape>
        <IsDefault>Y</IsDefault>
        <MarginTop>36</MarginTop>
        <MarginRight>36</MarginRight>
        <MarginLeft>36</MarginLeft>
        <MarginBottom>36</MarginBottom>
        <Processing>N</Processing>
        <SizeX/>
        <SizeY/>
        <DimensionUnits/>
        <AD_PrintPaper_UU>4297e8d5-68f6-486e-8367-ad0a069e092d</AD_PrintPaper_UU>
    </AD_PrintPaper>
    <AD_PrintFormat type="table">
        <AD_Client_ID>0</AD_Client_ID>
        <AD_Org_ID>0</AD_Org_ID>
        <IsTableBased>Y</IsTableBased>
        <IsActive>Y</IsActive>
        <IsStandardHeaderFooter>Y</IsStandardHeaderFooter>
        <AD_PrintFont_ID reference="id">130</AD_PrintFont_ID>
        <AD_Table_ID reference="uuid" reference-key="AD_Table">968a920b-8ff6-4a3e-afcf-5f9ce10d546d</AD_Table_ID>
        <IsForm>N</IsForm>
        <HeaderMargin>0</HeaderMargin>
        <AD_PrintColor_ID reference="id">100</AD_PrintColor_ID>
        <Name>TXT Mercantil</Name>
        <CreateCopy>N</CreateCopy>
        <FooterMargin>0</FooterMargin>
        <AD_PrintPaper_ID reference="id">100</AD_PrintPaper_ID>
        <AD_Org_ID reference="id">0</AD_Org_ID>
        <Description/>
        <AD_ReportView_ID reference="id"/>
        <AD_PrintTableFormat_ID reference="id">100</AD_PrintTableFormat_ID>
        <PrinterName/>
        <IsDefault>N</IsDefault>
        <JasperProcess_ID reference="id"/>
        <Classname>dev.vsuarez.utils.HR_ExportTXTMercantil</Classname>
        <Args/>
        <AD_PrintFormat_UU>515b346b-7189-48c8-a002-75206070a3ae</AD_PrintFormat_UU>
        <AD_Window_ID reference="id"/>
        <IsBreakPagePerRecord>N</IsBreakPagePerRecord>
        <AD_PrintFormat_Trl type="translation">
            <Description/>
            <Name>TXT Mercantil</Name>
            <AD_Language>es_CO</AD_Language>
            <IsActive>Y</IsActive>
            <IsTranslated>N</IsTranslated>
        </AD_PrintFormat_Trl>
        <AD_PrintFormat_Trl type="translation">
            <Description/>
            <Name>TXT Mercantil</Name>
            <AD_Language>es_VE</AD_Language>
            <IsActive>Y</IsActive>
            <IsTranslated>N</IsTranslated>
        </AD_PrintFormat_Trl>
    </AD_PrintFormat>
</idempiere>
