<?xml version="1.0" encoding="UTF-8"?><idempiere Name="2Pack_5.4.5" Version="5.4.5" idempiereVersion="" DataBaseVersion="" Description="" Author="" AuthorEmail="orlando.curieles@ingeint.com" CreatedDate="2021-10-05 21:40:52.738" UpdatedDate="2021-10-05 21:40:52.738" PackOutVersion="100" UpdateDictionary="false" Client="0-SYSTEM-System" AD_Client_UU="11237b53-9592-4af1-b3c5-afd216514b5d">
    <AD_Menu type="table">
        <Parent_ID reference="id">53114</Parent_ID>
        <SeqNo>0</SeqNo>
        <AD_Client_ID>0</AD_Client_ID>
        <AD_Org_ID>0</AD_Org_ID>
        <Name>Create Payroll XML</Name>
        <Description/>
        <Action>P</Action>
        <AD_Window_ID reference="id"/>
        <AD_Workflow_ID reference="id"/>
        <AD_Task_ID reference="id"/>
        <AD_Org_ID reference="id">0</AD_Org_ID>
        <IsActive>Y</IsActive>
        <IsSummary>N</IsSummary>
        <AD_Process_ID reference="uuid" reference-key="AD_Process">a290a21f-e886-4a93-a6a9-002da2c03dc6</AD_Process_ID>
        <IsSOTrx>Y</IsSOTrx>
        <AD_Form_ID reference="id"/>
        <IsReadOnly>N</IsReadOnly>
        <EntityType>ING_Payroll</EntityType>
        <IsCentrallyMaintained>Y</IsCentrallyMaintained>
        <AD_Menu_UU>32aab426-5847-4be8-b1ee-fa73245fb868</AD_Menu_UU>
        <AD_InfoWindow_ID reference="id"/>
        <PredefinedContextVariables/>
        <AD_Menu_Trl type="translation">
            <Description/>
            <Name>Crear XML Nómina</Name>
            <AD_Language>es_CO</AD_Language>
            <IsActive>Y</IsActive>
            <IsTranslated>N</IsTranslated>
        </AD_Menu_Trl>
        <AD_Process type="table">
            <AD_Client_ID>0</AD_Client_ID>
            <AD_Org_ID>0</AD_Org_ID>
            <AD_Org_ID reference="id">0</AD_Org_ID>
            <IsActive>Y</IsActive>
            <Name>CreatePayrollXML</Name>
            <Description/>
            <Help/>
            <ProcedureName/>
            <IsReport>N</IsReport>
            <Value>CreatePayrollXML</Value>
            <IsDirectPrint>N</IsDirectPrint>
            <AD_ReportView_ID reference="id"/>
            <Classname>com.ingeint.process.CreateXML</Classname>
            <AccessLevel>3</AccessLevel>
            <EntityType>ING_Payroll</EntityType>
            <Statistic_Count>6</Statistic_Count>
            <Statistic_Seconds>81</Statistic_Seconds>
            <AD_PrintFormat_ID reference="id"/>
            <WorkflowValue/>
            <AD_Workflow_ID reference="id"/>
            <IsBetaFunctionality>N</IsBetaFunctionality>
            <ShowHelp>Y</ShowHelp>
            <JasperReport/>
            <AD_Form_ID reference="id"/>
            <CopyFromProcess>N</CopyFromProcess>
            <AD_Process_UU>a290a21f-e886-4a93-a6a9-002da2c03dc6</AD_Process_UU>
            <AD_CtxHelp_ID reference="id"/>
            <ExecutionType/>
            <AllowMultipleExecution>P</AllowMultipleExecution>
            <AD_Process_Trl type="translation">
                <Description/>
                <Help/>
                <Name>Crear XML Empleados</Name>
                <AD_Language>es_CO</AD_Language>
                <IsActive>Y</IsActive>
                <IsTranslated>N</IsTranslated>
            </AD_Process_Trl>
            <AD_Process_Para type="table">
                <AD_Client_ID>0</AD_Client_ID>
                <AD_Org_ID>0</AD_Org_ID>
                <AD_Org_ID reference="id">0</AD_Org_ID>
                <IsActive>Y</IsActive>
                <Name>Valid from</Name>
                <Description>Valid from including this date (first day)</Description>
                <Help>The Valid From date indicates the first day of a date range</Help>
                <AD_Process_ID reference="uuid" reference-key="AD_Process">a290a21f-e886-4a93-a6a9-002da2c03dc6</AD_Process_ID>
                <SeqNo>20</SeqNo>
                <AD_Reference_ID reference="id">15</AD_Reference_ID>
                <AD_Reference_Value_ID reference="id"/>
                <IsRange>N</IsRange>
                <AD_Val_Rule_ID reference="id"/>
                <FieldLength>0</FieldLength>
                <IsMandatory>Y</IsMandatory>
                <DefaultValue/>
                <VFormat/>
                <ValueMin/>
                <ValueMax/>
                <ColumnName>ValidFrom</ColumnName>
                <DefaultValue2/>
                <IsCentrallyMaintained>Y</IsCentrallyMaintained>
                <EntityType>ING_Payroll</EntityType>
                <AD_Element_ID reference="id">617</AD_Element_ID>
                <ReadOnlyLogic/>
                <DisplayLogic/>
                <AD_Process_Para_UU>71c233a7-7de8-44f5-b06a-9bf11d99dd53</AD_Process_Para_UU>
                <IsEncrypted>N</IsEncrypted>
                <MandatoryLogic/>
                <Placeholder/>
                <Placeholder2/>
                <IsAutocomplete>N</IsAutocomplete>
                <AD_Process_Para_Trl type="translation">
                    <Description>Valid from including this date (first day)</Description>
                    <Help>The Valid From date indicates the first day of a date range</Help>
                    <Name>Valid from</Name>
                    <Placeholder/>
                    <Placeholder2/>
                    <AD_Language>es_CO</AD_Language>
                    <IsActive>Y</IsActive>
                    <IsTranslated>N</IsTranslated>
                </AD_Process_Para_Trl>
            </AD_Process_Para>
            <AD_Process_Para type="table">
                <AD_Client_ID>0</AD_Client_ID>
                <AD_Org_ID>0</AD_Org_ID>
                <AD_Org_ID reference="id">0</AD_Org_ID>
                <IsActive>Y</IsActive>
                <Name>Valid to</Name>
                <Description>Valid to including this date (last day)</Description>
                <Help>The Valid To date indicates the last day of a date range</Help>
                <AD_Process_ID reference="uuid" reference-key="AD_Process">a290a21f-e886-4a93-a6a9-002da2c03dc6</AD_Process_ID>
                <SeqNo>30</SeqNo>
                <AD_Reference_ID reference="id">15</AD_Reference_ID>
                <AD_Reference_Value_ID reference="id"/>
                <IsRange>N</IsRange>
                <AD_Val_Rule_ID reference="id"/>
                <FieldLength>10</FieldLength>
                <IsMandatory>Y</IsMandatory>
                <DefaultValue/>
                <VFormat/>
                <ValueMin/>
                <ValueMax/>
                <ColumnName>ValidTo</ColumnName>
                <DefaultValue2/>
                <IsCentrallyMaintained>Y</IsCentrallyMaintained>
                <EntityType>ING_Payroll</EntityType>
                <AD_Element_ID reference="id">618</AD_Element_ID>
                <ReadOnlyLogic/>
                <DisplayLogic/>
                <AD_Process_Para_UU>325a835c-51f9-478d-99fb-207abd23bb7a</AD_Process_Para_UU>
                <IsEncrypted>N</IsEncrypted>
                <MandatoryLogic/>
                <Placeholder/>
                <Placeholder2/>
                <IsAutocomplete>N</IsAutocomplete>
                <AD_Process_Para_Trl type="translation">
                    <Description>Valid to including this date (last day)</Description>
                    <Help>The Valid To date indicates the last day of a date range</Help>
                    <Name>Valid to</Name>
                    <Placeholder/>
                    <Placeholder2/>
                    <AD_Language>es_CO</AD_Language>
                    <IsActive>Y</IsActive>
                    <IsTranslated>N</IsTranslated>
                </AD_Process_Para_Trl>
            </AD_Process_Para>
            <AD_Reference type="table">
                <AD_Reference_ID>19</AD_Reference_ID>
                <AD_Client_ID>0</AD_Client_ID>
                <AD_Org_ID>0</AD_Org_ID>
                <AD_Reference_ID>19</AD_Reference_ID>
                <Name>Table Direct</Name>
                <Description>Direct Table Access</Description>
                <Help/>
                <ValidationType>D</ValidationType>
                <AD_Org_ID reference="id">0</AD_Org_ID>
                <IsActive>Y</IsActive>
                <VFormat/>
                <EntityType>ING_Payroll</EntityType>
                <IsOrderByValue>N</IsOrderByValue>
                <AD_Reference_UU>85767149-7019-4224-a8d0-41f0d9d77d47</AD_Reference_UU>
                <AD_Element_ID reference="id"/>
                <AD_Reference_Trl type="translation">
                    <Description>Acceso directo de tabla</Description>
                    <Help/>
                    <Name>Tabla Directa</Name>
                    <AD_Language>es_CO</AD_Language>
                    <IsActive>Y</IsActive>
                    <IsTranslated>Y</IsTranslated>
                </AD_Reference_Trl>
            </AD_Reference>
            <AD_Element type="table">
                <AD_Element_ID>53398</AD_Element_ID>
                <AD_Client_ID>0</AD_Client_ID>
                <AD_Org_ID>0</AD_Org_ID>
                <AD_Element_ID>53398</AD_Element_ID>
                <AD_Org_ID reference="id">0</AD_Org_ID>
                <IsActive>Y</IsActive>
                <ColumnName>HR_Concept_ID</ColumnName>
                <Name>Payroll Concept</Name>
                <Description/>
                <Help/>
                <PrintName>Payroll Concept</PrintName>
                <PO_Description/>
                <PO_Help/>
                <PO_Name/>
                <PO_PrintName/>
                <EntityType>ING_Payroll</EntityType>
                <AD_Element_UU>672b5fb2-80a6-4e16-b44c-bc2fcc3f8146</AD_Element_UU>
                <Placeholder/>
                <AD_Element_Trl type="translation">
                    <Description/>
                    <Help/>
                    <Name>Concepto Nómina</Name>
                    <Placeholder/>
                    <PO_Description/>
                    <PO_Help/>
                    <PO_Name/>
                    <PO_PrintName/>
                    <PrintName>Concepto Nómina</PrintName>
                    <AD_Language>es_CO</AD_Language>
                    <IsActive>Y</IsActive>
                    <IsTranslated>Y</IsTranslated>
                </AD_Element_Trl>
            </AD_Element>
            <AD_Process_Para type="table">
                <AD_Client_ID>0</AD_Client_ID>
                <AD_Org_ID>0</AD_Org_ID>
                <AD_Org_ID reference="id">0</AD_Org_ID>
                <IsActive>Y</IsActive>
                <Name>Payroll Concept</Name>
                <Description/>
                <Help/>
                <AD_Process_ID reference="uuid" reference-key="AD_Process">a290a21f-e886-4a93-a6a9-002da2c03dc6</AD_Process_ID>
                <SeqNo>10</SeqNo>
                <AD_Reference_ID reference="id">19</AD_Reference_ID>
                <AD_Reference_Value_ID reference="id"/>
                <IsRange>N</IsRange>
                <AD_Val_Rule_ID reference="id"/>
                <FieldLength>10</FieldLength>
                <IsMandatory>Y</IsMandatory>
                <DefaultValue/>
                <VFormat/>
                <ValueMin/>
                <ValueMax/>
                <ColumnName>HR_Concept_ID</ColumnName>
                <DefaultValue2/>
                <IsCentrallyMaintained>Y</IsCentrallyMaintained>
                <EntityType>ING_Payroll</EntityType>
                <AD_Element_ID reference="id">53398</AD_Element_ID>
                <ReadOnlyLogic/>
                <DisplayLogic/>
                <AD_Process_Para_UU>f115162c-1c59-4bed-b495-57feb75cd6ab</AD_Process_Para_UU>
                <IsEncrypted>N</IsEncrypted>
                <MandatoryLogic/>
                <Placeholder/>
                <Placeholder2/>
                <IsAutocomplete>N</IsAutocomplete>
                <AD_Process_Para_Trl type="translation">
                    <Description/>
                    <Help/>
                    <Name>Concepto Nómina</Name>
                    <Placeholder/>
                    <Placeholder2/>
                    <AD_Language>es_CO</AD_Language>
                    <IsActive>Y</IsActive>
                    <IsTranslated>Y</IsTranslated>
                </AD_Process_Para_Trl>
            </AD_Process_Para>
            <AD_Element type="table">
                <AD_Element_ID>113</AD_Element_ID>
                <AD_Client_ID>0</AD_Client_ID>
                <AD_Org_ID>0</AD_Org_ID>
                <AD_Element_ID>113</AD_Element_ID>
                <AD_Org_ID reference="id">0</AD_Org_ID>
                <IsActive>Y</IsActive>
                <ColumnName>AD_Org_ID</ColumnName>
                <Name>Organization</Name>
                <Description>Organizational entity within client</Description>
                <Help>An organization is a unit of your client or legal entity - examples are store, department. You can share data between organizations.</Help>
                <PrintName>Organization</PrintName>
                <PO_Description/>
                <PO_Help/>
                <PO_Name/>
                <PO_PrintName/>
                <EntityType>ING_Payroll</EntityType>
                <AD_Element_UU>d8103f72-3282-4298-9ed4-360b12abc9d2</AD_Element_UU>
                <Placeholder/>
                <AD_Element_Trl type="translation">
                    <Description>Entidad organizacional dentro del grupo empresarial</Description>
                    <Help>Una organización es una unidad del grupo empresarial o entidad legal - Ej. Tiendas y departamentos. Es posible compartir datos entre organizaciones.</Help>
                    <Name>Organización</Name>
                    <Placeholder/>
                    <PO_Description/>
                    <PO_Help/>
                    <PO_Name/>
                    <PO_PrintName/>
                    <PrintName>Organización</PrintName>
                    <AD_Language>es_CO</AD_Language>
                    <IsActive>Y</IsActive>
                    <IsTranslated>Y</IsTranslated>
                </AD_Element_Trl>
            </AD_Element>
            <AD_Process_Para type="table">
                <AD_Client_ID>0</AD_Client_ID>
                <AD_Org_ID>0</AD_Org_ID>
                <AD_Org_ID reference="id">0</AD_Org_ID>
                <IsActive>Y</IsActive>
                <Name>Organization</Name>
                <Description>Organizational entity within client</Description>
                <Help>An organization is a unit of your client or legal entity - examples are store, department. You can share data between organizations.</Help>
                <AD_Process_ID reference="uuid" reference-key="AD_Process">a290a21f-e886-4a93-a6a9-002da2c03dc6</AD_Process_ID>
                <SeqNo>1</SeqNo>
                <AD_Reference_ID reference="id">19</AD_Reference_ID>
                <AD_Reference_Value_ID reference="id"/>
                <IsRange>N</IsRange>
                <AD_Val_Rule_ID reference="id"/>
                <FieldLength>0</FieldLength>
                <IsMandatory>Y</IsMandatory>
                <DefaultValue/>
                <VFormat/>
                <ValueMin/>
                <ValueMax/>
                <ColumnName>AD_Org_ID</ColumnName>
                <DefaultValue2/>
                <IsCentrallyMaintained>Y</IsCentrallyMaintained>
                <EntityType>ING_Payroll</EntityType>
                <AD_Element_ID reference="id">113</AD_Element_ID>
                <ReadOnlyLogic/>
                <DisplayLogic/>
                <AD_Process_Para_UU>783984d6-f20c-494b-ac2b-652818816d82</AD_Process_Para_UU>
                <IsEncrypted>N</IsEncrypted>
                <MandatoryLogic/>
                <Placeholder/>
                <Placeholder2/>
                <IsAutocomplete>N</IsAutocomplete>
                <AD_Process_Para_Trl type="translation">
                    <Description>Organizational entity within client</Description>
                    <Help>An organization is a unit of your client or legal entity - examples are store, department. You can share data between organizations.</Help>
                    <Name>Organization</Name>
                    <Placeholder/>
                    <Placeholder2/>
                    <AD_Language>es_CO</AD_Language>
                    <IsActive>Y</IsActive>
                    <IsTranslated>N</IsTranslated>
                </AD_Process_Para_Trl>
            </AD_Process_Para>
            <AD_Process_Para type="table">
                <AD_Client_ID>0</AD_Client_ID>
                <AD_Org_ID>0</AD_Org_ID>
                <AD_Org_ID reference="id">0</AD_Org_ID>
                <IsActive>Y</IsActive>
                <Name>Document Date</Name>
                <Description>Date of the Document</Description>
                <Help>The Document Date indicates the date the document was generated.  It may or may not be the same as the accounting date.</Help>
                <AD_Process_ID reference="uuid" reference-key="AD_Process">a290a21f-e886-4a93-a6a9-002da2c03dc6</AD_Process_ID>
                <SeqNo>2</SeqNo>
                <AD_Reference_ID reference="id">15</AD_Reference_ID>
                <AD_Reference_Value_ID reference="id"/>
                <IsRange>N</IsRange>
                <AD_Val_Rule_ID reference="id"/>
                <FieldLength>0</FieldLength>
                <IsMandatory>Y</IsMandatory>
                <DefaultValue/>
                <VFormat/>
                <ValueMin/>
                <ValueMax/>
                <ColumnName>DateDoc</ColumnName>
                <DefaultValue2/>
                <IsCentrallyMaintained>Y</IsCentrallyMaintained>
                <EntityType>ING_Payroll</EntityType>
                <AD_Element_ID reference="id">265</AD_Element_ID>
                <ReadOnlyLogic/>
                <DisplayLogic/>
                <AD_Process_Para_UU>6176129d-dcb2-4cdf-9e9f-bc257fd9ad7b</AD_Process_Para_UU>
                <IsEncrypted>N</IsEncrypted>
                <MandatoryLogic/>
                <Placeholder/>
                <Placeholder2/>
                <IsAutocomplete>N</IsAutocomplete>
                <AD_Process_Para_Trl type="translation">
                    <Description>Date of the Document</Description>
                    <Help>The Document Date indicates the date the document was generated.  It may or may not be the same as the accounting date.</Help>
                    <Name>Document Date</Name>
                    <Placeholder/>
                    <Placeholder2/>
                    <AD_Language>es_CO</AD_Language>
                    <IsActive>Y</IsActive>
                    <IsTranslated>N</IsTranslated>
                </AD_Process_Para_Trl>
            </AD_Process_Para>
        </AD_Process>
    </AD_Menu>
</idempiere>
