<?xml version="1.0" encoding="UTF-8"?><idempiere Name="AD_Field_Trl" Version="1.0.0" idempiereVersion="8.2.0.qualifier" DataBaseVersion="2020-12-20" Description="" Author="SuperUser" AuthorEmail="" CreatedDate="Fri Jun 10 14:14:56 VET 2022" UpdatedDate="Fri Jun 10 14:14:56 VET 2022" PackOutVersion="100" UpdateDictionary="true" Client="0-SYSTEM-System" AD_Client_UU="11237b53-9592-4af1-b3c5-afd216514b5d">
    <AD_Field_Trl type="table">
        <AD_Client_ID>0</AD_Client_ID>
        <AD_Org_ID>0</AD_Org_ID>
        <AD_Field_ID reference="id">54912</AD_Field_ID>
        <AD_Language>es_VE</AD_Language>
        <Name>Cuenta Bancaria</Name>
        <Description>Cuenta Bancaria</Description>
        <Help/>
        <IsTranslated>Y</IsTranslated>
        <IsActive>Y</IsActive>
        <AD_Org_ID reference="id">0</AD_Org_ID>
        <AD_Field_Trl_UU>fc5b0be0-7236-49ce-953c-03d4e64e0857</AD_Field_Trl_UU>
        <Placeholder/>
    </AD_Field_Trl>

    <AD_Element_Trl type="table">
        <AD_Client_ID>0</AD_Client_ID>
        <AD_Org_ID>0</AD_Org_ID>
        <AD_Element_ID reference="id">53397</AD_Element_ID>
        <AD_Language>es_CO</AD_Language>
        <AD_Org_ID reference="id">0</AD_Org_ID>
        <IsActive>Y</IsActive>
        <Name>Atributo de empleado de nómina</Name>
        <Description/>
        <Help/>
        <IsTranslated>Y</IsTranslated>
        <PrintName>Atributo de empleado de nómina</PrintName>
        <PO_Description/>
        <PO_Help/>
        <PO_Name/>
        <PO_PrintName/>
        <AD_Element_Trl_UU>6505d406-d154-4d0d-9957-986145030592</AD_Element_Trl_UU>
        <Placeholder/>
    </AD_Element_Trl>

    <AD_Element_Trl type="table">
        <AD_Client_ID>0</AD_Client_ID>
        <AD_Org_ID>0</AD_Org_ID>
        <AD_Element_ID reference="uuid" reference-key="AD_Element">41dfd935-32e4-476b-9c18-9fbe438294ce</AD_Element_ID>
        <AD_Language>es_VE</AD_Language>
        <AD_Org_ID reference="id">0</AD_Org_ID>
        <IsActive>Y</IsActive>
        <Name>Excluir del último proceso de nómina</Name>
        <Description/>
        <Help/>
        <IsTranslated>Y</IsTranslated>
        <PrintName>Excluir del último proceso de nómina</PrintName>
        <PO_Description/>
        <PO_Help/>
        <PO_Name/>
        <PO_PrintName/>
        <AD_Element_Trl_UU>65cee282-bcfc-4b85-8365-e5bdc90e1149</AD_Element_Trl_UU>
        <Placeholder/>
    </AD_Element_Trl>

    <AD_Element_Trl type="table">
        <AD_Client_ID>0</AD_Client_ID>
        <AD_Org_ID>0</AD_Org_ID>
        <AD_Element_ID reference="uuid" reference-key="AD_Element">fb71e6e5-bbeb-4b2c-a966-c60f0cf0a030</AD_Element_ID>
        <AD_Language>es_VE</AD_Language>
        <AD_Org_ID reference="id">0</AD_Org_ID>
        <IsActive>Y</IsActive>
        <Name>Grado de discapacidad</Name>
        <Description/>
        <Help/>
        <IsTranslated>Y</IsTranslated>
        <PrintName>Grado de discapacidad</PrintName>
        <PO_Description/>
        <PO_Help/>
        <PO_Name/>
        <PO_PrintName/>
        <AD_Element_Trl_UU>7da68dc4-052c-4be0-9ac7-2a8acf30ca71</AD_Element_Trl_UU>
        <Placeholder/>
    </AD_Element_Trl>

    <AD_Element_Trl type="table">
        <AD_Client_ID>0</AD_Client_ID>
        <AD_Org_ID>0</AD_Org_ID>
        <AD_Element_ID reference="uuid" reference-key="AD_Element">9125ca0a-6118-44a9-922f-1324fd347144</AD_Element_ID>
        <AD_Language>es_VE</AD_Language>
        <AD_Org_ID reference="id">0</AD_Org_ID>
        <IsActive>Y</IsActive>
        <Name>Tipo de discapacidad</Name>
        <Description/>
        <Help/>
        <IsTranslated>Y</IsTranslated>
        <PrintName>Tipo de discapacidad</PrintName>
        <PO_Description/>
        <PO_Help/>
        <PO_Name/>
        <PO_PrintName/>
        <AD_Element_Trl_UU>b371e3c9-bbe1-43db-a69d-d62973e2bfd2</AD_Element_Trl_UU>
        <Placeholder/>
    </AD_Element_Trl>

    <AD_Element_Trl type="table">
        <AD_Client_ID>0</AD_Client_ID>
        <AD_Org_ID>0</AD_Org_ID>
        <AD_Element_ID reference="uuid" reference-key="AD_Element">e57e8a97-c41d-42e3-80d5-5ac71386e928</AD_Element_ID>
        <AD_Language>es_VE</AD_Language>
        <AD_Org_ID reference="id">0</AD_Org_ID>
        <IsActive>Y</IsActive>
        <Name>Código Sectorial</Name>
        <Description/>
        <Help/>
        <IsTranslated>Y</IsTranslated>
        <PrintName>Código Sectorial</PrintName>
        <PO_Description/>
        <PO_Help/>
        <PO_Name/>
        <PO_PrintName/>
        <AD_Element_Trl_UU>c88c41db-35ed-4460-81a5-86ec7e63d727</AD_Element_Trl_UU>
        <Placeholder/>
    </AD_Element_Trl>

    <AD_Ref_List_Trl type="table">
        <AD_Client_ID>0</AD_Client_ID>
        <AD_Org_ID>0</AD_Org_ID>
        <AD_Ref_List_ID reference="uuid" reference-key="AD_Ref_List">7dafbac6-194a-48d1-acac-452373a228a6</AD_Ref_List_ID>
        <AD_Language>es_VE</AD_Language>
        <Name>Directivos</Name>
        <Description/>
        <IsTranslated>Y</IsTranslated>
        <IsActive>Y</IsActive>
        <AD_Org_ID reference="id">0</AD_Org_ID>
        <AD_Ref_List_Trl_UU>bd61d7e4-0cf2-45df-bc69-6c89e729850a</AD_Ref_List_Trl_UU>
    </AD_Ref_List_Trl>

    <AD_Ref_List_Trl type="table">
        <AD_Client_ID>0</AD_Client_ID>
        <AD_Org_ID>0</AD_Org_ID>
        <AD_Ref_List_ID reference="uuid" reference-key="AD_Ref_List">b9827cb8-bef4-4c44-9bca-eedc3b431c7f</AD_Ref_List_ID>
        <AD_Language>es_VE</AD_Language>
        <Name>Básicos</Name>
        <Description/>
        <IsTranslated>Y</IsTranslated>
        <IsActive>Y</IsActive>
        <AD_Org_ID reference="id">0</AD_Org_ID>
        <AD_Ref_List_Trl_UU>da99e530-e574-40cf-99a3-b0c9aacc46d2</AD_Ref_List_Trl_UU>
    </AD_Ref_List_Trl>

    <AD_Element_Trl type="table">
        <AD_Client_ID>0</AD_Client_ID>
        <AD_Org_ID>0</AD_Org_ID>
        <AD_Element_ID reference="uuid" reference-key="AD_Element">71f95f85-03f8-4460-aa89-5a7101cd3d33</AD_Element_ID>
        <AD_Language>es_VE</AD_Language>
        <AD_Org_ID reference="id">0</AD_Org_ID>
        <IsActive>Y</IsActive>
        <Name>Discapacitado</Name>
        <Description/>
        <Help/>
        <IsTranslated>Y</IsTranslated>
        <PrintName>Discapacitado</PrintName>
        <PO_Description/>
        <PO_Help/>
        <PO_Name/>
        <PO_PrintName/>
        <AD_Element_Trl_UU>eafb7c40-cd5a-4e29-9e81-d607d948a2b2</AD_Element_Trl_UU>
        <Placeholder/>
    </AD_Element_Trl>

    <AD_Element_Trl type="table">
        <AD_Client_ID>0</AD_Client_ID>
        <AD_Org_ID>0</AD_Org_ID>
        <AD_Element_ID reference="uuid" reference-key="AD_Element">b097f2aa-96c6-414e-9b5a-92cebef010f3</AD_Element_ID>
        <AD_Language>es_VE</AD_Language>
        <AD_Org_ID reference="id">0</AD_Org_ID>
        <IsActive>Y</IsActive>
        <Name>Grupo Empleado</Name>
        <Description/>
        <Help/>
        <IsTranslated>Y</IsTranslated>
        <PrintName>Grupo Empleado</PrintName>
        <PO_Description/>
        <PO_Help/>
        <PO_Name/>
        <PO_PrintName/>
        <AD_Element_Trl_UU>127bc5a4-c040-4406-aa2f-9ae67f9b85a5</AD_Element_Trl_UU>
        <Placeholder/>
    </AD_Element_Trl>

    <AD_Element_Trl type="table">
        <AD_Client_ID>0</AD_Client_ID>
        <AD_Org_ID>0</AD_Org_ID>
        <AD_Element_ID reference="uuid" reference-key="AD_Element">69756e46-7ec4-4d3e-90f5-52042144f7ad</AD_Element_ID>
        <AD_Language>es_VE</AD_Language>
        <AD_Org_ID reference="id">0</AD_Org_ID>
        <IsActive>Y</IsActive>
        <Name>Código Seguro Social</Name>
        <Description/>
        <Help/>
        <IsTranslated>Y</IsTranslated>
        <PrintName>Código Seguro Social</PrintName>
        <PO_Description/>
        <PO_Help/>
        <PO_Name/>
        <PO_PrintName/>
        <AD_Element_Trl_UU>12897333-c6a2-4332-835d-0ee2b59cefd5</AD_Element_Trl_UU>
        <Placeholder/>
    </AD_Element_Trl>
    
    <AD_Element_Trl type="table">
        <AD_Client_ID>0</AD_Client_ID>
        <AD_Org_ID>0</AD_Org_ID>
        <AD_Element_ID reference="uuid" reference-key="AD_Element">57a52ee7-9fab-43dc-afec-3294c843c55b</AD_Element_ID>
        <AD_Language>es_VE</AD_Language>
        <AD_Org_ID reference="id">0</AD_Org_ID>
        <IsActive>Y</IsActive>
        <Name>Tipo de contrato</Name>
        <Description/>
        <Help/>
        <IsTranslated>Y</IsTranslated>
        <PrintName>Tipo de contrato</PrintName>
        <PO_Description/>
        <PO_Help/>
        <PO_Name/>
        <PO_PrintName/>
        <AD_Element_Trl_UU>9500faed-9a23-4fd6-be8a-979c5d359475</AD_Element_Trl_UU>
        <Placeholder/>
    </AD_Element_Trl>

    <AD_Element_Trl type="table">
        <AD_Client_ID>0</AD_Client_ID>
        <AD_Org_ID>0</AD_Org_ID>
        <AD_Element_ID reference="uuid" reference-key="AD_Element">e1eee103-c14d-43a8-8ba0-c897e5b8c0a1</AD_Element_ID>
        <AD_Language>es_VE</AD_Language>
        <AD_Org_ID reference="id">0</AD_Org_ID>
        <IsActive>Y</IsActive>
        <Name>Tipo Factor Base</Name>
        <Description/>
        <Help/>
        <IsTranslated>Y</IsTranslated>
        <PrintName>Tipo Factor Base</PrintName>
        <PO_Description/>
        <PO_Help/>
        <PO_Name/>
        <PO_PrintName/>
        <AD_Element_Trl_UU>159dcff2-0fba-4174-be3f-b60daff3b4e1</AD_Element_Trl_UU>
        <Placeholder/>
    </AD_Element_Trl>

    <AD_Element_Trl type="table">
        <AD_Client_ID>0</AD_Client_ID>
        <AD_Org_ID>0</AD_Org_ID>
        <AD_Element_ID reference="uuid" reference-key="AD_Element">d0e9d7f7-8ad9-415d-ba08-843005306569</AD_Element_ID>
        <AD_Language>es_VE</AD_Language>
        <AD_Org_ID reference="id">0</AD_Org_ID>
        <IsActive>Y</IsActive>
        <Name>Tipo de sangre</Name>
        <Description/>
        <Help/>
        <IsTranslated>Y</IsTranslated>
        <PrintName>Tipo de sangre</PrintName>
        <PO_Description/>
        <PO_Help/>
        <PO_Name/>
        <PO_PrintName/>
        <AD_Element_Trl_UU>5e2f02b1-542f-43a9-bfb7-96b0a736e10b</AD_Element_Trl_UU>
        <Placeholder/>
    </AD_Element_Trl>

    <AD_Element_Trl type="table">
        <AD_Client_ID>0</AD_Client_ID>
        <AD_Org_ID>0</AD_Org_ID>
        <AD_Element_ID reference="uuid" reference-key="AD_Element">39fec36e-9677-4a44-98e0-fb06103c7796</AD_Element_ID>
        <AD_Language>es_VE</AD_Language>
        <AD_Org_ID reference="id">0</AD_Org_ID>
        <IsActive>Y</IsActive>
        <Name>Estado Civil</Name>
        <Description/>
        <Help/>
        <IsTranslated>Y</IsTranslated>
        <PrintName>Estado Civil</PrintName>
        <PO_Description/>
        <PO_Help/>
        <PO_Name/>
        <PO_PrintName/>
        <AD_Element_Trl_UU>5e40af51-5d85-4b90-9ffa-e528d431b5ca</AD_Element_Trl_UU>
        <Placeholder/>
    </AD_Element_Trl>

    <AD_Field type="table">
        <AD_Field_ID>54970</AD_Field_ID>
        <AD_Client_ID>0</AD_Client_ID>
        <AD_Org_ID>0</AD_Org_ID>
        <AD_Field_ID>54970</AD_Field_ID>
        <Name>Parent link column</Name>
        <Description>This column is a link to the parent table (e.g. header from lines) - incl. Association key columns</Description>
        <Help>The Parent checkbox indicates if this column is a link to the parent table.</Help>
        <AD_Tab_ID reference="id">53110</AD_Tab_ID>
        <AD_Column_ID reference="id">54806</AD_Column_ID>
        <IsDisplayed>N</IsDisplayed>
        <DisplayLogic/>
        <DisplayLength>1</DisplayLength>
        <SeqNo>0</SeqNo>
        <SortNo>0</SortNo>
        <IsSameLine>N</IsSameLine>
        <IsHeading>N</IsHeading>
        <IsFieldOnly>N</IsFieldOnly>
        <IsEncrypted>N</IsEncrypted>
        <AD_Org_ID reference="id">0</AD_Org_ID>
        <IsActive>Y</IsActive>
        <IsReadOnly>N</IsReadOnly>
        <IsCentrallyMaintained>N</IsCentrallyMaintained>
        <AD_FieldGroup_ID reference="id"/>
        <EntityType>ING_Payroll</EntityType>
        <ObscureType/>
        <AD_Reference_ID reference="id"/>
        <IsMandatory/>
        <DefaultValue/>
        <AD_Reference_Value_ID reference="id"/>
        <AD_Val_Rule_ID reference="id"/>
        <Included_Tab_ID reference="id"/>
        <AD_Field_UU>815197ab-a54e-4ea9-b761-b87bc74b04d9</AD_Field_UU>
        <IsAllowCopy/>
        <IsDisplayedGrid>N</IsDisplayedGrid>
        <SeqNoGrid>0</SeqNoGrid>
        <XPosition>2</XPosition>
        <ColumnSpan>2</ColumnSpan>
        <NumLines>1</NumLines>
        <IsQuickEntry>N</IsQuickEntry>
        <IsUpdateable/>
        <IsAlwaysUpdateable/>
        <MandatoryLogic/>
        <ReadOnlyLogic/>
        <IsToolbarButton/>
        <IsDefaultFocus>N</IsDefaultFocus>
        <IsAdvancedField>N</IsAdvancedField>
        <VFormat/>
        <AD_LabelStyle_ID reference="id"/>
        <AD_FieldStyle_ID reference="id"/>
        <IsQuickForm>N</IsQuickForm>
        <Placeholder/>
        <IsSelectionColumn/>
        <AD_Val_Rule_Lookup_ID reference="id"/>
        <ColumnSQL/>
        <AD_Field_Trl type="translation">
            <Description/>
            <Help/>
            <Name>Es Padre</Name>
            <Placeholder/>
            <AD_Language>es_CO</AD_Language>
            <IsActive>Y</IsActive>
            <IsTranslated>Y</IsTranslated>
        </AD_Field_Trl>
        <AD_Field_Trl type="translation">
            <Description/>
            <Help/>
            <Name>Es Padre</Name>
            <Placeholder/>
            <AD_Language>es_VE</AD_Language>
            <IsActive>Y</IsActive>
            <IsTranslated>Y</IsTranslated>
        </AD_Field_Trl>
    </AD_Field>

    <AD_Field_Trl type="table">
        <AD_Client_ID>0</AD_Client_ID>
        <AD_Org_ID>0</AD_Org_ID>
        <AD_Field_ID reference="uuid" reference-key="AD_Field">de8c450f-6c8e-4102-8218-6bf36049163c</AD_Field_ID>
        <AD_Language>es_VE</AD_Language>
        <Name>Responsable Nómina</Name>
        <Description/>
        <Help/>
        <IsTranslated>Y</IsTranslated>
        <IsActive>Y</IsActive>
        <AD_Org_ID reference="id">0</AD_Org_ID>
        <AD_Field_Trl_UU>52c15406-e70e-46b0-8f1d-292aec0a855f</AD_Field_Trl_UU>
        <Placeholder/>
    </AD_Field_Trl>

    <AD_Element_Trl type="table">
        <AD_Client_ID>0</AD_Client_ID>
        <AD_Org_ID>0</AD_Org_ID>
        <AD_Element_ID reference="uuid" reference-key="AD_Element">7a493318-2e98-43db-9d32-f75c03ed2cc4</AD_Element_ID>
        <AD_Language>es_VE</AD_Language>
        <AD_Org_ID reference="id">0</AD_Org_ID>
        <IsActive>Y</IsActive>
        <Name>Principal</Name>
        <Description/>
        <Help/>
        <IsTranslated>Y</IsTranslated>
        <PrintName>Principal</PrintName>
        <PO_Description/>
        <PO_Help/>
        <PO_Name/>
        <PO_PrintName/>
        <AD_Element_Trl_UU>23863283-16f4-402e-add3-45c4c015738e</AD_Element_Trl_UU>
        <Placeholder/>
    </AD_Element_Trl>

    <AD_Element_Trl type="table">
        <AD_Client_ID>0</AD_Client_ID>
        <AD_Org_ID>0</AD_Org_ID>
        <AD_Element_ID reference="uuid" reference-key="AD_Element">3909c27b-2d02-4320-84d3-c04291c2106d</AD_Element_ID>
        <AD_Language>es_VE</AD_Language>
        <AD_Org_ID reference="id">0</AD_Org_ID>
        <IsActive>Y</IsActive>
        <Name>Incidencia de empleado</Name>
        <Description/>
        <Help/>
        <IsTranslated>Y</IsTranslated>
        <PrintName>Incidencia de empleado</PrintName>
        <PO_Description/>
        <PO_Help/>
        <PO_Name/>
        <PO_PrintName/>
        <AD_Element_Trl_UU>b74fe014-a4ea-459f-8f06-9131f4ef5db1</AD_Element_Trl_UU>
        <Placeholder/>
    </AD_Element_Trl>

    <AD_Element_Trl type="table">
        <AD_Client_ID>0</AD_Client_ID>
        <AD_Org_ID>0</AD_Org_ID>
        <AD_Element_ID reference="uuid" reference-key="AD_Element">7944c7b6-0056-4b46-bad2-beba91e9fd51</AD_Element_ID>
        <AD_Language>es_VE</AD_Language>
        <AD_Org_ID reference="id">0</AD_Org_ID>
        <IsActive>Y</IsActive>
        <Name>Linea de generador de Incidencias</Name>
        <Description/>
        <Help/>
        <IsTranslated>Y</IsTranslated>
        <PrintName>Linea de generador de Incidencias</PrintName>
        <PO_Description/>
        <PO_Help/>
        <PO_Name/>
        <PO_PrintName/>
        <AD_Element_Trl_UU>cd2ea1be-8d98-4030-82b0-96276ba816b2</AD_Element_Trl_UU>
        <Placeholder/>
    </AD_Element_Trl>

    <AD_Element_Trl type="table">
        <AD_Client_ID>0</AD_Client_ID>
        <AD_Org_ID>0</AD_Org_ID>
        <AD_Element_ID reference="uuid" reference-key="AD_Element">e9373ff2-8df5-4f44-9c37-fbe8040ba27b</AD_Element_ID>
        <AD_Language>es_VE</AD_Language>
        <AD_Org_ID reference="id">0</AD_Org_ID>
        <IsActive>Y</IsActive>
        <Name>Generador de incidencias</Name>
        <Description/>
        <Help/>
        <IsTranslated>Y</IsTranslated>
        <PrintName>Generador de incidencias</PrintName>
        <PO_Description/>
        <PO_Help/>
        <PO_Name/>
        <PO_PrintName/>
        <AD_Element_Trl_UU>19660fc8-5324-4823-a551-49072ea78abb</AD_Element_Trl_UU>
        <Placeholder/>
    </AD_Element_Trl>

    <AD_Element_Trl type="table">
        <AD_Client_ID>0</AD_Client_ID>
        <AD_Org_ID>0</AD_Org_ID>
        <AD_Element_ID reference="uuid" reference-key="AD_Element">60575f84-00bc-472f-a549-77b5503ce57c</AD_Element_ID>
        <AD_Language>es_VE</AD_Language>
        <AD_Org_ID reference="id">0</AD_Org_ID>
        <IsActive>Y</IsActive>
        <Name>Linea de turnos de trabajo</Name>
        <Description/>
        <Help/>
        <IsTranslated>Y</IsTranslated>
        <PrintName>Linea de turnos de trabajo</PrintName>
        <PO_Description/>
        <PO_Help/>
        <PO_Name/>
        <PO_PrintName/>
        <AD_Element_Trl_UU>598f73b3-acce-460a-96c4-aabbbc9130e5</AD_Element_Trl_UU>
        <Placeholder/>
    </AD_Element_Trl>

    <AD_Element_Trl type="table">
        <AD_Client_ID>0</AD_Client_ID>
        <AD_Org_ID>0</AD_Org_ID>
        <AD_Element_ID reference="uuid" reference-key="AD_Element">60575f84-00bc-472f-a549-77b5503ce57c</AD_Element_ID>
        <AD_Language>es_CO</AD_Language>
        <AD_Org_ID reference="id">0</AD_Org_ID>
        <IsActive>Y</IsActive>
        <Name>Linea de turnos de trabajo</Name>
        <Description/>
        <Help/>
        <IsTranslated>Y</IsTranslated>
        <PrintName>Linea de turnos de trabajo</PrintName>
        <PO_Description/>
        <PO_Help/>
        <PO_Name/>
        <PO_PrintName/>
        <AD_Element_Trl_UU>8bb98142-ab15-42d9-a4f4-53422eeadcfa</AD_Element_Trl_UU>
        <Placeholder/>
    </AD_Element_Trl>

    <AD_Element_Trl type="table">
        <AD_Client_ID>0</AD_Client_ID>
        <AD_Org_ID>0</AD_Org_ID>
        <AD_Element_ID reference="uuid" reference-key="AD_Element">c8c70456-733c-4506-90d8-c721f1c4bdc6</AD_Element_ID>
        <AD_Language>es_VE</AD_Language>
        <AD_Org_ID reference="id">0</AD_Org_ID>
        <IsActive>Y</IsActive>
        <Name>Turno de empleado</Name>
        <Description/>
        <Help/>
        <IsTranslated>Y</IsTranslated>
        <PrintName>Turno de empleado</PrintName>
        <PO_Description/>
        <PO_Help/>
        <PO_Name/>
        <PO_PrintName/>
        <AD_Element_Trl_UU>f28d3839-0e66-498d-a81f-603eca39d930</AD_Element_Trl_UU>
        <Placeholder/>
    </AD_Element_Trl>
</idempiere>
