<?xml version="1.0" encoding="UTF-8"?><idempiere Name="AD_Menu" Version="1.0.0" idempiereVersion="8.2.0.qualifier" DataBaseVersion="2020-12-20" Description="" Author="SuperUser" AuthorEmail="" CreatedDate="Fri Jun 10 17:50:01 VET 2022" UpdatedDate="Fri Jun 10 17:50:01 VET 2022" PackOutVersion="100" UpdateDictionary="true" Client="0-SYSTEM-System" AD_Client_UU="11237b53-9592-4af1-b3c5-afd216514b5d">
    <AD_Menu type="table">
        <Parent_ID reference="id">53108</Parent_ID>
        <SeqNo>7</SeqNo>
        <AD_Client_ID>0</AD_Client_ID>
        <AD_Org_ID>0</AD_Org_ID>
        <Name>Concept Test</Name>
        <Description/>
        <Action>P</Action>
        <AD_Window_ID reference="id"/>
        <AD_Workflow_ID reference="id"/>
        <AD_Task_ID reference="id"/>
        <AD_Org_ID reference="id">0</AD_Org_ID>
        <IsActive>Y</IsActive>
        <IsSummary>N</IsSummary>
        <AD_Process_ID reference="uuid" reference-key="AD_Process">cadca15f-bac4-44ce-9932-a38f6c0395d9</AD_Process_ID>
        <IsSOTrx>Y</IsSOTrx>
        <AD_Form_ID reference="id"/>
        <IsReadOnly>N</IsReadOnly>
        <EntityType>IVS</EntityType>
        <IsCentrallyMaintained>Y</IsCentrallyMaintained>
        <AD_Menu_UU>e33152bc-6697-4c95-91e5-072943eba634</AD_Menu_UU>
        <AD_InfoWindow_ID reference="id"/>
        <PredefinedContextVariables/>
        <AD_Menu_Trl type="translation">
            <Description/>
            <Name>Probar Concepto Nomina</Name>
            <AD_Language>es_CO</AD_Language>
            <IsActive>Y</IsActive>
            <IsTranslated>Y</IsTranslated>
        </AD_Menu_Trl>
        <AD_Menu_Trl type="translation">
            <Description/>
            <Name>Probar Concepto Nomina</Name>
            <AD_Language>es_VE</AD_Language>
            <IsActive>Y</IsActive>
            <IsTranslated>Y</IsTranslated>
        </AD_Menu_Trl>
        <AD_Process type="table">
            <AD_Client_ID>0</AD_Client_ID>
            <AD_Org_ID>0</AD_Org_ID>
            <AD_Org_ID reference="id">0</AD_Org_ID>
            <IsActive>Y</IsActive>
            <Name>Concept Test</Name>
            <Description/>
            <Help/>
            <ProcedureName/>
            <IsReport>N</IsReport>
            <Value>HR_ConceptTest</Value>
            <IsDirectPrint>N</IsDirectPrint>
            <AD_ReportView_ID reference="id"/>
            <Classname>dev.vsuarez.process.HR_ConceptTest</Classname>
            <AccessLevel>3</AccessLevel>
            <EntityType>IVS</EntityType>
            <Statistic_Count>12</Statistic_Count>
            <Statistic_Seconds>251</Statistic_Seconds>
            <AD_PrintFormat_ID reference="id"/>
            <WorkflowValue/>
            <AD_Workflow_ID reference="id"/>
            <IsBetaFunctionality>N</IsBetaFunctionality>
            <ShowHelp>Y</ShowHelp>
            <JasperReport/>
            <AD_Form_ID reference="id"/>
            <CopyFromProcess>N</CopyFromProcess>
            <AD_Process_UU>cadca15f-bac4-44ce-9932-a38f6c0395d9</AD_Process_UU>
            <AD_CtxHelp_ID reference="id"/>
            <ExecutionType/>
            <AllowMultipleExecution>P</AllowMultipleExecution>
            <AD_Process_Trl type="translation">
                <Description/>
                <Help/>
                <Name>Probar Concepto Nomina</Name>
                <AD_Language>es_VE</AD_Language>
                <IsActive>Y</IsActive>
                <IsTranslated>Y</IsTranslated>
            </AD_Process_Trl>
            <AD_Process_Trl type="translation">
                <Description/>
                <Help/>
                <Name>Probar Concepto Nomina</Name>
                <AD_Language>es_CO</AD_Language>
                <IsActive>Y</IsActive>
                <IsTranslated>Y</IsTranslated>
            </AD_Process_Trl>
            <AD_Reference type="table">
                <AD_Reference_ID>30</AD_Reference_ID>
                <AD_Client_ID>0</AD_Client_ID>
                <AD_Org_ID>0</AD_Org_ID>
                <AD_Reference_ID>30</AD_Reference_ID>
                <Name>Search</Name>
                <Description>Search Field</Description>
                <Help/>
                <ValidationType>D</ValidationType>
                <AD_Org_ID reference="id">0</AD_Org_ID>
                <IsActive>Y</IsActive>
                <VFormat/>
                <EntityType>ING_Payroll</EntityType>
                <IsOrderByValue>N</IsOrderByValue>
                <AD_Reference_UU>199e084e-6ad2-4bcd-8f5e-fdd08f4c0748</AD_Reference_UU>
                <AD_Element_ID reference="id"/>
                <AD_Reference_Trl type="translation">
                    <Description>Campo de Búsqueda</Description>
                    <Help/>
                    <Name>Búsqueda</Name>
                    <AD_Language>es_VE</AD_Language>
                    <IsActive>Y</IsActive>
                    <IsTranslated>Y</IsTranslated>
                </AD_Reference_Trl>
                <AD_Reference_Trl type="translation">
                    <Description>Campo de Búsqueda</Description>
                    <Help/>
                    <Name>Búsqueda</Name>
                    <AD_Language>es_CO</AD_Language>
                    <IsActive>Y</IsActive>
                    <IsTranslated>Y</IsTranslated>
                </AD_Reference_Trl>
            </AD_Reference>
            <AD_Reference type="table">
                <AD_Reference_ID>53253</AD_Reference_ID>
                <AD_Client_ID>0</AD_Client_ID>
                <AD_Org_ID>0</AD_Org_ID>
                <AD_Reference_ID>53253</AD_Reference_ID>
                <Name>HR_Process</Name>
                <Description/>
                <Help/>
                <ValidationType>T</ValidationType>
                <AD_Org_ID reference="id">0</AD_Org_ID>
                <IsActive>Y</IsActive>
                <VFormat/>
                <EntityType>ING_Payroll</EntityType>
                <IsOrderByValue>N</IsOrderByValue>
                <AD_Reference_UU>10d547b8-6496-4510-a15c-51764b831617</AD_Reference_UU>
                <AD_Element_ID reference="id"/>
                <AD_Reference_Trl type="translation">
                    <Description/>
                    <Help/>
                    <Name>HR_Process</Name>
                    <AD_Language>es_VE</AD_Language>
                    <IsActive>Y</IsActive>
                    <IsTranslated>Y</IsTranslated>
                </AD_Reference_Trl>
                <AD_Reference_Trl type="translation">
                    <Description/>
                    <Help/>
                    <Name>HR_Process</Name>
                    <AD_Language>es_CO</AD_Language>
                    <IsActive>Y</IsActive>
                    <IsTranslated>Y</IsTranslated>
                </AD_Reference_Trl>
                <AD_Ref_Table type="table">
                    <AD_Reference_ID>53253</AD_Reference_ID>
                    <AD_Client_ID>0</AD_Client_ID>
                    <AD_Org_ID>0</AD_Org_ID>
                    <AD_Reference_ID reference="id">53253</AD_Reference_ID>
                    <AD_Table_ID reference="id">53092</AD_Table_ID>
                    <WhereClause/>
                    <OrderByClause/>
                    <AD_Org_ID reference="id">0</AD_Org_ID>
                    <IsActive>Y</IsActive>
                    <IsValueDisplayed>N</IsValueDisplayed>
                    <EntityType>ING_Payroll</EntityType>
                    <AD_Window_ID reference="id"/>
                    <AD_Ref_Table_UU>f48395be-3683-4bbc-a86b-a6a419a02e4c</AD_Ref_Table_UU>
                    <AD_InfoWindow_ID reference="id"/>
                    <AD_Display reference="id">54870</AD_Display>
                    <AD_Key reference="id">54860</AD_Key>
                </AD_Ref_Table>
            </AD_Reference>
            <AD_Element type="table">
                <AD_Element_ID>53407</AD_Element_ID>
                <AD_Client_ID>0</AD_Client_ID>
                <AD_Org_ID>0</AD_Org_ID>
                <AD_Element_ID>53407</AD_Element_ID>
                <AD_Org_ID reference="id">0</AD_Org_ID>
                <IsActive>Y</IsActive>
                <ColumnName>HR_Process_ID</ColumnName>
                <Name>Payroll Process</Name>
                <Description/>
                <Help/>
                <PrintName>Payroll Process</PrintName>
                <PO_Description/>
                <PO_Help/>
                <PO_Name/>
                <PO_PrintName/>
                <EntityType>EE02</EntityType>
                <AD_Element_UU>b845e21b-69a7-4607-a358-161b3c6e7ce7</AD_Element_UU>
                <Placeholder/>
                <AD_Element_Trl type="translation">
                    <Description/>
                    <Help/>
                    <Name>Proceso Nómina</Name>
                    <Placeholder/>
                    <PO_Description/>
                    <PO_Help/>
                    <PO_Name/>
                    <PO_PrintName/>
                    <PrintName>Proceso Nómina</PrintName>
                    <AD_Language>es_VE</AD_Language>
                    <IsActive>Y</IsActive>
                    <IsTranslated>Y</IsTranslated>
                </AD_Element_Trl>
                <AD_Element_Trl type="translation">
                    <Description/>
                    <Help/>
                    <Name>Proceso Nómina</Name>
                    <Placeholder/>
                    <PO_Description/>
                    <PO_Help/>
                    <PO_Name/>
                    <PO_PrintName/>
                    <PrintName>Proceso Nómina</PrintName>
                    <AD_Language>es_CO</AD_Language>
                    <IsActive>Y</IsActive>
                    <IsTranslated>Y</IsTranslated>
                </AD_Element_Trl>
            </AD_Element>
            <AD_Process_Para type="table">
                <AD_Client_ID>0</AD_Client_ID>
                <AD_Org_ID>0</AD_Org_ID>
                <AD_Org_ID reference="id">0</AD_Org_ID>
                <IsActive>Y</IsActive>
                <Name>HR_Process_ID</Name>
                <Description/>
                <Help/>
                <AD_Process_ID reference="uuid" reference-key="AD_Process">cadca15f-bac4-44ce-9932-a38f6c0395d9</AD_Process_ID>
                <SeqNo>10</SeqNo>
                <AD_Reference_ID reference="id">30</AD_Reference_ID>
                <AD_Reference_Value_ID reference="id">53253</AD_Reference_Value_ID>
                <IsRange>N</IsRange>
                <AD_Val_Rule_ID reference="id"/>
                <FieldLength>0</FieldLength>
                <IsMandatory>N</IsMandatory>
                <DefaultValue/>
                <VFormat/>
                <ValueMin/>
                <ValueMax/>
                <ColumnName>HR_Process_ID</ColumnName>
                <DefaultValue2/>
                <IsCentrallyMaintained>N</IsCentrallyMaintained>
                <EntityType>IVS</EntityType>
                <AD_Element_ID reference="id">53407</AD_Element_ID>
                <ReadOnlyLogic/>
                <DisplayLogic/>
                <AD_Process_Para_UU>3ecff213-777e-4d0f-8b7f-e6e3604d79aa</AD_Process_Para_UU>
                <IsEncrypted>N</IsEncrypted>
                <MandatoryLogic/>
                <Placeholder/>
                <Placeholder2/>
                <IsAutocomplete>N</IsAutocomplete>
                <AD_Process_Para_Trl type="translation">
                    <Description/>
                    <Help/>
                    <Name>HR_Process_ID</Name>
                    <Placeholder/>
                    <Placeholder2/>
                    <AD_Language>es_VE</AD_Language>
                    <IsActive>Y</IsActive>
                    <IsTranslated>N</IsTranslated>
                </AD_Process_Para_Trl>
                <AD_Process_Para_Trl type="translation">
                    <Description/>
                    <Help/>
                    <Name>HR_Process_ID</Name>
                    <Placeholder/>
                    <Placeholder2/>
                    <AD_Language>es_CO</AD_Language>
                    <IsActive>Y</IsActive>
                    <IsTranslated>N</IsTranslated>
                </AD_Process_Para_Trl>
            </AD_Process_Para>
        </AD_Process>
    </AD_Menu>

    <AD_Menu type="table">
        <Parent_ID reference="id">53114</Parent_ID>
        <SeqNo>20</SeqNo>
        <AD_Client_ID>0</AD_Client_ID>
        <AD_Org_ID>0</AD_Org_ID>
        <Name>LVE_GeneratePayrollPayments</Name>
        <Description/>
        <Action>P</Action>
        <AD_Window_ID reference="id"/>
        <AD_Workflow_ID reference="id"/>
        <AD_Task_ID reference="id"/>
        <AD_Org_ID reference="id">0</AD_Org_ID>
        <IsActive>Y</IsActive>
        <IsSummary>N</IsSummary>
        <AD_Process_ID reference="uuid" reference-key="AD_Process">d81fe55e-1c02-4b79-8350-6a82453114a3</AD_Process_ID>
        <IsSOTrx>N</IsSOTrx>
        <AD_Form_ID reference="id"/>
        <IsReadOnly>N</IsReadOnly>
        <EntityType>U</EntityType>
        <IsCentrallyMaintained>Y</IsCentrallyMaintained>
        <AD_Menu_UU>9eaf7434-b131-46b7-b488-2547541fcdad</AD_Menu_UU>
        <AD_InfoWindow_ID reference="id"/>
        <PredefinedContextVariables/>
        <AD_Menu_Trl type="translation">
            <Description/>
            <Name>Generar Pagos de Nómina</Name>
            <AD_Language>es_CO</AD_Language>
            <IsActive>Y</IsActive>
            <IsTranslated>Y</IsTranslated>
        </AD_Menu_Trl>
        <AD_Menu_Trl type="translation">
            <Description/>
            <Name>Generar Pagos de Nómina</Name>
            <AD_Language>es_VE</AD_Language>
            <IsActive>Y</IsActive>
            <IsTranslated>Y</IsTranslated>
        </AD_Menu_Trl>
        <AD_Process type="table">
            <AD_Client_ID>0</AD_Client_ID>
            <AD_Org_ID>0</AD_Org_ID>
            <AD_Org_ID reference="id">0</AD_Org_ID>
            <IsActive>Y</IsActive>
            <Name>LVE_GeneratePayrollPayments</Name>
            <Description/>
            <Help/>
            <ProcedureName/>
            <IsReport>N</IsReport>
            <Value>LVE_GeneratePayrollPayments</Value>
            <IsDirectPrint>N</IsDirectPrint>
            <AD_ReportView_ID reference="id"/>
            <Classname>org.idempiere.process.GeneratePayrollPayments</Classname>
            <AccessLevel>3</AccessLevel>
            <EntityType>ING_Payroll</EntityType>
            <Statistic_Count>0</Statistic_Count>
            <Statistic_Seconds>0</Statistic_Seconds>
            <AD_PrintFormat_ID reference="id"/>
            <WorkflowValue/>
            <AD_Workflow_ID reference="id"/>
            <IsBetaFunctionality>N</IsBetaFunctionality>
            <ShowHelp>Y</ShowHelp>
            <JasperReport/>
            <AD_Form_ID reference="id"/>
            <CopyFromProcess/>
            <AD_Process_UU>d81fe55e-1c02-4b79-8350-6a82453114a3</AD_Process_UU>
            <AD_CtxHelp_ID reference="id"/>
            <ExecutionType/>
            <AllowMultipleExecution>P</AllowMultipleExecution>
            <AD_Process_Trl type="translation">
                <Description/>
                <Help/>
                <Name>Generar Pagos de Nómina</Name>
                <AD_Language>es_VE</AD_Language>
                <IsActive>Y</IsActive>
                <IsTranslated>Y</IsTranslated>
            </AD_Process_Trl>
            <AD_Process_Trl type="translation">
                <Description/>
                <Help/>
                <Name>Generar Pagos de Nómina</Name>
                <AD_Language>es_CO</AD_Language>
                <IsActive>Y</IsActive>
                <IsTranslated>Y</IsTranslated>
            </AD_Process_Trl>
            <AD_Reference type="table">
                <AD_Reference_ID>19</AD_Reference_ID>
                <AD_Client_ID>0</AD_Client_ID>
                <AD_Org_ID>0</AD_Org_ID>
                <AD_Reference_ID>19</AD_Reference_ID>
                <Name>Table Direct</Name>
                <Description>Direct Table Access</Description>
                <Help/>
                <ValidationType>D</ValidationType>
                <AD_Org_ID reference="id">0</AD_Org_ID>
                <IsActive>Y</IsActive>
                <VFormat/>
                <EntityType>D</EntityType>
                <IsOrderByValue>N</IsOrderByValue>
                <AD_Reference_UU>85767149-7019-4224-a8d0-41f0d9d77d47</AD_Reference_UU>
                <AD_Element_ID reference="id"/>
                <AD_Reference_Trl type="translation">
                    <Description>Acceso directo de tabla</Description>
                    <Help/>
                    <Name>Tabla Directa</Name>
                    <AD_Language>es_CO</AD_Language>
                    <IsActive>Y</IsActive>
                    <IsTranslated>Y</IsTranslated>
                </AD_Reference_Trl>
                <AD_Reference_Trl type="translation">
                    <Description>Acceso directo de tabla</Description>
                    <Help/>
                    <Name>Tabla Directa</Name>
                    <AD_Language>es_VE</AD_Language>
                    <IsActive>Y</IsActive>
                    <IsTranslated>N</IsTranslated>
                </AD_Reference_Trl>
            </AD_Reference>
            <AD_Element type="table">
                <AD_Client_ID>0</AD_Client_ID>
                <AD_Org_ID>0</AD_Org_ID>
                <AD_Org_ID reference="id">0</AD_Org_ID>
                <IsActive>Y</IsActive>
                <ColumnName>LVE_PayrollPayments_ID</ColumnName>
                <Name>Payroll Payments</Name>
                <Description/>
                <Help/>
                <PrintName>Payroll Payments</PrintName>
                <PO_Description/>
                <PO_Help/>
                <PO_Name/>
                <PO_PrintName/>
                <EntityType>ING_Payroll</EntityType>
                <AD_Element_UU>7cde358a-e6a5-413c-8b97-46db3e1a480e</AD_Element_UU>
                <Placeholder/>
                <AD_Element_Trl type="translation">
                    <Description/>
                    <Help/>
                    <Name>Pagos de Nómina</Name>
                    <Placeholder/>
                    <PO_Description/>
                    <PO_Help/>
                    <PO_Name/>
                    <PO_PrintName/>
                    <PrintName>Pagos de Nómina</PrintName>
                    <AD_Language>es_VE</AD_Language>
                    <IsActive>Y</IsActive>
                    <IsTranslated>Y</IsTranslated>
                </AD_Element_Trl>
                <AD_Element_Trl type="translation">
                    <Description/>
                    <Help/>
                    <Name>Pagos de Nómina</Name>
                    <Placeholder/>
                    <PO_Description/>
                    <PO_Help/>
                    <PO_Name/>
                    <PO_PrintName/>
                    <PrintName>Pagos de Nómina</PrintName>
                    <AD_Language>es_CO</AD_Language>
                    <IsActive>Y</IsActive>
                    <IsTranslated>Y</IsTranslated>
                </AD_Element_Trl>
            </AD_Element>
            <AD_Process_Para type="table">
                <AD_Client_ID>0</AD_Client_ID>
                <AD_Org_ID>0</AD_Org_ID>
                <AD_Org_ID reference="id">0</AD_Org_ID>
                <IsActive>Y</IsActive>
                <Name>Payroll Payments</Name>
                <Description/>
                <Help/>
                <AD_Process_ID reference="uuid" reference-key="AD_Process">d81fe55e-1c02-4b79-8350-6a82453114a3</AD_Process_ID>
                <SeqNo>10</SeqNo>
                <AD_Reference_ID reference="id">19</AD_Reference_ID>
                <AD_Reference_Value_ID reference="id"/>
                <IsRange>N</IsRange>
                <AD_Val_Rule_ID reference="id"/>
                <FieldLength>0</FieldLength>
                <IsMandatory>Y</IsMandatory>
                <DefaultValue/>
                <VFormat/>
                <ValueMin/>
                <ValueMax/>
                <ColumnName>LVE_PayrollPayments_ID</ColumnName>
                <DefaultValue2/>
                <IsCentrallyMaintained>N</IsCentrallyMaintained>
                <EntityType>U</EntityType>
                <AD_Element_ID reference="uuid" reference-key="AD_Element">7cde358a-e6a5-413c-8b97-46db3e1a480e</AD_Element_ID>
                <ReadOnlyLogic/>
                <DisplayLogic/>
                <AD_Process_Para_UU>0c82f4f6-43fd-4b47-95f7-59f81a3a34b2</AD_Process_Para_UU>
                <IsEncrypted>N</IsEncrypted>
                <MandatoryLogic/>
                <Placeholder/>
                <Placeholder2/>
                <IsAutocomplete>N</IsAutocomplete>
                <AD_Process_Para_Trl type="translation">
                    <Description/>
                    <Help/>
                    <Name>Payroll Payments</Name>
                    <Placeholder/>
                    <Placeholder2/>
                    <AD_Language>es_VE</AD_Language>
                    <IsActive>Y</IsActive>
                    <IsTranslated>N</IsTranslated>
                </AD_Process_Para_Trl>
                <AD_Process_Para_Trl type="translation">
                    <Description/>
                    <Help/>
                    <Name>Payroll Payments</Name>
                    <Placeholder/>
                    <Placeholder2/>
                    <AD_Language>es_CO</AD_Language>
                    <IsActive>Y</IsActive>
                    <IsTranslated>N</IsTranslated>
                </AD_Process_Para_Trl>
            </AD_Process_Para>
            <AD_Element type="table">
                <AD_Element_ID>836</AD_Element_ID>
                <AD_Client_ID>0</AD_Client_ID>
                <AD_Org_ID>0</AD_Org_ID>
                <AD_Element_ID>836</AD_Element_ID>
                <AD_Org_ID reference="id">0</AD_Org_ID>
                <IsActive>Y</IsActive>
                <ColumnName>C_BankAccount_ID</ColumnName>
                <Name>Bank Account</Name>
                <Description>Account at the Bank</Description>
                <Help>The Bank Account identifies an account at this Bank.</Help>
                <PrintName>Bank Account</PrintName>
                <PO_Description/>
                <PO_Help/>
                <PO_Name/>
                <PO_PrintName/>
                <EntityType>D</EntityType>
                <AD_Element_UU>2bce347c-7b2f-4d3f-9b33-20dc9319cdba</AD_Element_UU>
                <Placeholder/>
                <AD_Element_Trl type="translation">
                    <Description>Cuenta Banco/Caja</Description>
                    <Help>La cuenta banco/caja identifica una cuenta de manejo de fondos</Help>
                    <Name>Cuenta Banco/Caja</Name>
                    <Placeholder/>
                    <PO_Description/>
                    <PO_Help/>
                    <PO_Name/>
                    <PO_PrintName/>
                    <PrintName>Cuenta Banco/Caja</PrintName>
                    <AD_Language>es_CO</AD_Language>
                    <IsActive>Y</IsActive>
                    <IsTranslated>Y</IsTranslated>
                </AD_Element_Trl>
                <AD_Element_Trl type="translation">
                    <Description>Cuenta Banco/Caja</Description>
                    <Help>La cuenta banco/caja identifica una cuenta de manejo de fondos</Help>
                    <Name>Cuenta Banco/Caja</Name>
                    <Placeholder/>
                    <PO_Description/>
                    <PO_Help/>
                    <PO_Name/>
                    <PO_PrintName/>
                    <PrintName>Cuenta Banco/Caja</PrintName>
                    <AD_Language>es_VE</AD_Language>
                    <IsActive>Y</IsActive>
                    <IsTranslated>Y</IsTranslated>
                </AD_Element_Trl>
            </AD_Element>
            <AD_Process_Para type="table">
                <AD_Client_ID>0</AD_Client_ID>
                <AD_Org_ID>0</AD_Org_ID>
                <AD_Org_ID reference="id">0</AD_Org_ID>
                <IsActive>Y</IsActive>
                <Name>Bank Account</Name>
                <Description>Account at the Bank</Description>
                <Help>The Bank Account identifies an account at this Bank.</Help>
                <AD_Process_ID reference="uuid" reference-key="AD_Process">d81fe55e-1c02-4b79-8350-6a82453114a3</AD_Process_ID>
                <SeqNo>30</SeqNo>
                <AD_Reference_ID reference="id">19</AD_Reference_ID>
                <AD_Reference_Value_ID reference="id"/>
                <IsRange>N</IsRange>
                <AD_Val_Rule_ID reference="id"/>
                <FieldLength>0</FieldLength>
                <IsMandatory>Y</IsMandatory>
                <DefaultValue/>
                <VFormat/>
                <ValueMin/>
                <ValueMax/>
                <ColumnName>C_BankAccount_ID</ColumnName>
                <DefaultValue2/>
                <IsCentrallyMaintained>Y</IsCentrallyMaintained>
                <EntityType>U</EntityType>
                <AD_Element_ID reference="id">836</AD_Element_ID>
                <ReadOnlyLogic/>
                <DisplayLogic/>
                <AD_Process_Para_UU>49ee5c05-4c5b-4d4a-9247-6b1bec124cc9</AD_Process_Para_UU>
                <IsEncrypted>N</IsEncrypted>
                <MandatoryLogic/>
                <Placeholder/>
                <Placeholder2/>
                <IsAutocomplete>N</IsAutocomplete>
                <AD_Process_Para_Trl type="translation">
                    <Description>Cuenta Banco/Caja</Description>
                    <Help>La cuenta banco/caja identifica una cuenta de manejo de fondos</Help>
                    <Name>Cuenta Banco/Caja</Name>
                    <Placeholder/>
                    <Placeholder2/>
                    <AD_Language>es_VE</AD_Language>
                    <IsActive>Y</IsActive>
                    <IsTranslated>Y</IsTranslated>
                </AD_Process_Para_Trl>
                <AD_Process_Para_Trl type="translation">
                    <Description>Cuenta Banco/Caja</Description>
                    <Help>La cuenta banco/caja identifica una cuenta de manejo de fondos</Help>
                    <Name>Cuenta Banco/Caja</Name>
                    <Placeholder/>
                    <Placeholder2/>
                    <AD_Language>es_CO</AD_Language>
                    <IsActive>Y</IsActive>
                    <IsTranslated>Y</IsTranslated>
                </AD_Process_Para_Trl>
            </AD_Process_Para>
            <AD_Reference type="table">
                <AD_Reference_ID>30</AD_Reference_ID>
                <AD_Client_ID>0</AD_Client_ID>
                <AD_Org_ID>0</AD_Org_ID>
                <AD_Reference_ID>30</AD_Reference_ID>
                <Name>Search</Name>
                <Description>Search Field</Description>
                <Help/>
                <ValidationType>D</ValidationType>
                <AD_Org_ID reference="id">0</AD_Org_ID>
                <IsActive>Y</IsActive>
                <VFormat/>
                <EntityType>ING_Payroll</EntityType>
                <IsOrderByValue>N</IsOrderByValue>
                <AD_Reference_UU>199e084e-6ad2-4bcd-8f5e-fdd08f4c0748</AD_Reference_UU>
                <AD_Element_ID reference="id"/>
                <AD_Reference_Trl type="translation">
                    <Description>Campo de Búsqueda</Description>
                    <Help/>
                    <Name>Búsqueda</Name>
                    <AD_Language>es_VE</AD_Language>
                    <IsActive>Y</IsActive>
                    <IsTranslated>Y</IsTranslated>
                </AD_Reference_Trl>
                <AD_Reference_Trl type="translation">
                    <Description>Campo de Búsqueda</Description>
                    <Help/>
                    <Name>Búsqueda</Name>
                    <AD_Language>es_CO</AD_Language>
                    <IsActive>Y</IsActive>
                    <IsTranslated>Y</IsTranslated>
                </AD_Reference_Trl>
            </AD_Reference>
            <AD_Element type="table">
                <AD_Element_ID>187</AD_Element_ID>
                <AD_Client_ID>0</AD_Client_ID>
                <AD_Org_ID>0</AD_Org_ID>
                <AD_Element_ID>187</AD_Element_ID>
                <AD_Org_ID reference="id">0</AD_Org_ID>
                <IsActive>Y</IsActive>
                <ColumnName>C_BPartner_ID</ColumnName>
                <Name>Business Partner </Name>
                <Description>Identifies a Business Partner</Description>
                <Help>A Business Partner is anyone with whom you transact.  This can include Vendor, Customer, Employee or Salesperson</Help>
                <PrintName>Business Partner </PrintName>
                <PO_Description/>
                <PO_Help/>
                <PO_Name/>
                <PO_PrintName/>
                <EntityType>D</EntityType>
                <AD_Element_UU>5f73bc9f-04e0-448f-978d-f2d3e18f2ac3</AD_Element_UU>
                <Placeholder/>
                <AD_Element_Trl type="translation">
                    <Description>Identifica un Tercero</Description>
                    <Help>Un tercero es cualquiera con quien usted realiza transacciones. Este puede incluir Proveedores, Clientes, Empleados o Vendedores.</Help>
                    <Name>Tercero</Name>
                    <Placeholder/>
                    <PO_Description/>
                    <PO_Help/>
                    <PO_Name/>
                    <PO_PrintName/>
                    <PrintName>Tercero</PrintName>
                    <AD_Language>es_VE</AD_Language>
                    <IsActive>Y</IsActive>
                    <IsTranslated>Y</IsTranslated>
                </AD_Element_Trl>
                <AD_Element_Trl type="translation">
                    <Description>Identifica un Tercero</Description>
                    <Help>Un tercero es cualquiera con quien usted realiza transacciones. Este puede incluir Proveedores, Clientes, Empleados o Vendedores.</Help>
                    <Name>Tercero</Name>
                    <Placeholder/>
                    <PO_Description/>
                    <PO_Help/>
                    <PO_Name/>
                    <PO_PrintName/>
                    <PrintName>Tercero</PrintName>
                    <AD_Language>es_CO</AD_Language>
                    <IsActive>Y</IsActive>
                    <IsTranslated>Y</IsTranslated>
                </AD_Element_Trl>
            </AD_Element>
            <AD_Process_Para type="table">
                <AD_Client_ID>0</AD_Client_ID>
                <AD_Org_ID>0</AD_Org_ID>
                <AD_Org_ID reference="id">0</AD_Org_ID>
                <IsActive>Y</IsActive>
                <Name>Business Partner </Name>
                <Description>Identifies a Business Partner</Description>
                <Help>A Business Partner is anyone with whom you transact.  This can include Vendor, Customer, Employee or Salesperson</Help>
                <AD_Process_ID reference="uuid" reference-key="AD_Process">d81fe55e-1c02-4b79-8350-6a82453114a3</AD_Process_ID>
                <SeqNo>40</SeqNo>
                <AD_Reference_ID reference="id">30</AD_Reference_ID>
                <AD_Reference_Value_ID reference="id"/>
                <IsRange>N</IsRange>
                <AD_Val_Rule_ID reference="id"/>
                <FieldLength>0</FieldLength>
                <IsMandatory>N</IsMandatory>
                <DefaultValue/>
                <VFormat/>
                <ValueMin/>
                <ValueMax/>
                <ColumnName>C_BPartner_ID</ColumnName>
                <DefaultValue2/>
                <IsCentrallyMaintained>Y</IsCentrallyMaintained>
                <EntityType>U</EntityType>
                <AD_Element_ID reference="id">187</AD_Element_ID>
                <ReadOnlyLogic/>
                <DisplayLogic/>
                <AD_Process_Para_UU>6cade4e6-c0b0-4ea0-9273-2fd636b10a0f</AD_Process_Para_UU>
                <IsEncrypted>N</IsEncrypted>
                <MandatoryLogic/>
                <Placeholder/>
                <Placeholder2/>
                <IsAutocomplete>N</IsAutocomplete>
                <AD_Process_Para_Trl type="translation">
                    <Description>Identifica un Tercero</Description>
                    <Help>Un tercero es cualquiera con quien usted realiza transacciones. Este puede incluir Proveedores, Clientes, Empleados o Vendedores.</Help>
                    <Name>Tercero</Name>
                    <Placeholder/>
                    <Placeholder2/>
                    <AD_Language>es_VE</AD_Language>
                    <IsActive>Y</IsActive>
                    <IsTranslated>Y</IsTranslated>
                </AD_Process_Para_Trl>
                <AD_Process_Para_Trl type="translation">
                    <Description>Identifica un Tercero</Description>
                    <Help>Un tercero es cualquiera con quien usted realiza transacciones. Este puede incluir Proveedores, Clientes, Empleados o Vendedores.</Help>
                    <Name>Tercero</Name>
                    <Placeholder/>
                    <Placeholder2/>
                    <AD_Language>es_CO</AD_Language>
                    <IsActive>Y</IsActive>
                    <IsTranslated>Y</IsTranslated>
                </AD_Process_Para_Trl>
            </AD_Process_Para>
            <AD_Reference type="table">
                <AD_Reference_ID>15</AD_Reference_ID>
                <AD_Client_ID>0</AD_Client_ID>
                <AD_Org_ID>0</AD_Org_ID>
                <AD_Reference_ID>15</AD_Reference_ID>
                <Name>Date</Name>
                <Description>Date mm/dd/yyyy</Description>
                <Help/>
                <ValidationType>D</ValidationType>
                <AD_Org_ID reference="id">0</AD_Org_ID>
                <IsActive>Y</IsActive>
                <VFormat/>
                <EntityType>D</EntityType>
                <IsOrderByValue>N</IsOrderByValue>
                <AD_Reference_UU>fea92a20-5ea7-445c-b010-101d74f5e124</AD_Reference_UU>
                <AD_Element_ID reference="id"/>
                <AD_Reference_Trl type="translation">
                    <Description>Fecha mm/dd/aaaa</Description>
                    <Help/>
                    <Name>Fecha</Name>
                    <AD_Language>es_CO</AD_Language>
                    <IsActive>Y</IsActive>
                    <IsTranslated>Y</IsTranslated>
                </AD_Reference_Trl>
                <AD_Reference_Trl type="translation">
                    <Description>Fecha mm/dd/aaaa</Description>
                    <Help/>
                    <Name>Fecha</Name>
                    <AD_Language>es_VE</AD_Language>
                    <IsActive>Y</IsActive>
                    <IsTranslated>Y</IsTranslated>
                </AD_Reference_Trl>
            </AD_Reference>
            <AD_Element type="table">
                <AD_Element_ID>1297</AD_Element_ID>
                <AD_Client_ID>0</AD_Client_ID>
                <AD_Org_ID>0</AD_Org_ID>
                <AD_Element_ID>1297</AD_Element_ID>
                <AD_Org_ID reference="id">0</AD_Org_ID>
                <IsActive>Y</IsActive>
                <ColumnName>DateTrx</ColumnName>
                <Name>Transaction Date</Name>
                <Description>Transaction Date</Description>
                <Help>The Transaction Date indicates the date of the transaction.</Help>
                <PrintName>Trx Date</PrintName>
                <PO_Description/>
                <PO_Help/>
                <PO_Name/>
                <PO_PrintName/>
                <EntityType>D</EntityType>
                <AD_Element_UU>23749552-2561-47ac-9674-d35f721df554</AD_Element_UU>
                <Placeholder/>
                <AD_Element_Trl type="translation">
                    <Description>Fecha de la transacción</Description>
                    <Help>La fecha de transacción indica la fecha en que se ejecutó la transacción</Help>
                    <Name>Fecha Transacción</Name>
                    <Placeholder/>
                    <PO_Description/>
                    <PO_Help/>
                    <PO_Name/>
                    <PO_PrintName/>
                    <PrintName>Fecha Transacción</PrintName>
                    <AD_Language>es_VE</AD_Language>
                    <IsActive>Y</IsActive>
                    <IsTranslated>Y</IsTranslated>
                </AD_Element_Trl>
                <AD_Element_Trl type="translation">
                    <Description>Fecha de la transacción</Description>
                    <Help>La fecha de transacción indica la fecha en que se ejecutó la transacción</Help>
                    <Name>Fecha Transacción</Name>
                    <Placeholder/>
                    <PO_Description/>
                    <PO_Help/>
                    <PO_Name/>
                    <PO_PrintName/>
                    <PrintName>Fecha Transacción</PrintName>
                    <AD_Language>es_CO</AD_Language>
                    <IsActive>Y</IsActive>
                    <IsTranslated>Y</IsTranslated>
                </AD_Element_Trl>
            </AD_Element>
            <AD_Process_Para type="table">
                <AD_Client_ID>0</AD_Client_ID>
                <AD_Org_ID>0</AD_Org_ID>
                <AD_Org_ID reference="id">0</AD_Org_ID>
                <IsActive>Y</IsActive>
                <Name>Transaction Date</Name>
                <Description>Transaction Date</Description>
                <Help>The Transaction Date indicates the date of the transaction.</Help>
                <AD_Process_ID reference="uuid" reference-key="AD_Process">d81fe55e-1c02-4b79-8350-6a82453114a3</AD_Process_ID>
                <SeqNo>20</SeqNo>
                <AD_Reference_ID reference="id">15</AD_Reference_ID>
                <AD_Reference_Value_ID reference="id"/>
                <IsRange>N</IsRange>
                <AD_Val_Rule_ID reference="id"/>
                <FieldLength>0</FieldLength>
                <IsMandatory>Y</IsMandatory>
                <DefaultValue/>
                <VFormat/>
                <ValueMin/>
                <ValueMax/>
                <ColumnName>DateTrx</ColumnName>
                <DefaultValue2/>
                <IsCentrallyMaintained>Y</IsCentrallyMaintained>
                <EntityType>U</EntityType>
                <AD_Element_ID reference="id">1297</AD_Element_ID>
                <ReadOnlyLogic/>
                <DisplayLogic/>
                <AD_Process_Para_UU>52467fe7-0480-42b2-b311-974bcb67126b</AD_Process_Para_UU>
                <IsEncrypted>N</IsEncrypted>
                <MandatoryLogic/>
                <Placeholder/>
                <Placeholder2/>
                <IsAutocomplete>N</IsAutocomplete>
                <AD_Process_Para_Trl type="translation">
                    <Description>Fecha de la transacción</Description>
                    <Help>La fecha de transacción indica la fecha en que se ejecutó la transacción</Help>
                    <Name>Fecha Transacción</Name>
                    <Placeholder/>
                    <Placeholder2/>
                    <AD_Language>es_VE</AD_Language>
                    <IsActive>Y</IsActive>
                    <IsTranslated>Y</IsTranslated>
                </AD_Process_Para_Trl>
                <AD_Process_Para_Trl type="translation">
                    <Description>Fecha de la transacción</Description>
                    <Help>La fecha de transacción indica la fecha en que se ejecutó la transacción</Help>
                    <Name>Fecha Transacción</Name>
                    <Placeholder/>
                    <Placeholder2/>
                    <AD_Language>es_CO</AD_Language>
                    <IsActive>Y</IsActive>
                    <IsTranslated>Y</IsTranslated>
                </AD_Process_Para_Trl>
            </AD_Process_Para>
        </AD_Process>
    </AD_Menu>

    <AD_Process_Trl type="table">
        <AD_Client_ID>0</AD_Client_ID>
        <AD_Org_ID>0</AD_Org_ID>
        <AD_Process_ID reference="uuid" reference-key="AD_Process">f4698b2f-0daa-484a-a835-3835eab42ef2</AD_Process_ID>
        <AD_Language>es_VE</AD_Language>
        <AD_Org_ID reference="id">0</AD_Org_ID>
        <IsActive>Y</IsActive>
        <Name>Notificar Vencimiento Empleados</Name>
        <Description/>
        <Help/>
        <IsTranslated>Y</IsTranslated>
        <AD_Process_Trl_UU>e50f6909-01cd-41e7-8189-004d82d9dea1</AD_Process_Trl_UU>
    </AD_Process_Trl>

    <AD_Element type="table">
        <AD_Client_ID>0</AD_Client_ID>
        <AD_Org_ID>0</AD_Org_ID>
        <AD_Org_ID reference="id">0</AD_Org_ID>
        <IsActive>Y</IsActive>
        <ColumnName>HR_LoanLines_ID</ColumnName>
        <Name>HR Loan Lines</Name>
        <Description/>
        <Help/>
        <PrintName>HR Loan Lines</PrintName>
        <PO_Description/>
        <PO_Help/>
        <PO_Name/>
        <PO_PrintName/>
        <EntityType>ING_Payroll</EntityType>
        <AD_Element_UU>0c2c5d8a-8a32-469f-b527-245e08c8908a</AD_Element_UU>
        <Placeholder/>
        <AD_Element_Trl type="translation">
            <Description/>
            <Help/>
            <Name>Linea de Prestamo de Nomina</Name>
            <Placeholder/>
            <PO_Description/>
            <PO_Help/>
            <PO_Name/>
            <PO_PrintName/>
            <PrintName>Linea de Prestamo de Nomina</PrintName>
            <AD_Language>es_CO</AD_Language>
            <IsActive>Y</IsActive>
            <IsTranslated>Y</IsTranslated>
        </AD_Element_Trl>
        <AD_Element_Trl type="translation">
            <Description/>
            <Help/>
            <Name>Linea de Prestamo de Nomina</Name>
            <Placeholder/>
            <PO_Description/>
            <PO_Help/>
            <PO_Name/>
            <PO_PrintName/>
            <PrintName>Linea de Prestamo de Nomina</PrintName>
            <AD_Language>es_VE</AD_Language>
            <IsActive>Y</IsActive>
            <IsTranslated>Y</IsTranslated>
        </AD_Element_Trl>
    </AD_Element>

    <AD_Element type="table">
        <AD_Client_ID>0</AD_Client_ID>
        <AD_Org_ID>0</AD_Org_ID>
        <AD_Org_ID reference="id">0</AD_Org_ID>
        <IsActive>Y</IsActive>
        <ColumnName>HR_Loan_ID</ColumnName>
        <Name>HR_Loan</Name>
        <Description/>
        <Help/>
        <PrintName>HR_Loan</PrintName>
        <PO_Description/>
        <PO_Help/>
        <PO_Name/>
        <PO_PrintName/>
        <EntityType>ING_Payroll</EntityType>
        <AD_Element_UU>9d64596a-78a3-41ec-a001-76ce24b80033</AD_Element_UU>
        <Placeholder/>
        <AD_Element_Trl type="translation">
            <Description/>
            <Help/>
            <Name>Prestamo Nomina</Name>
            <Placeholder/>
            <PO_Description/>
            <PO_Help/>
            <PO_Name/>
            <PO_PrintName/>
            <PrintName>Prestamo Nomina</PrintName>
            <AD_Language>es_VE</AD_Language>
            <IsActive>Y</IsActive>
            <IsTranslated>Y</IsTranslated>
        </AD_Element_Trl>
        <AD_Element_Trl type="translation">
            <Description/>
            <Help/>
            <Name>Prestamo Nomina</Name>
            <Placeholder/>
            <PO_Description/>
            <PO_Help/>
            <PO_Name/>
            <PO_PrintName/>
            <PrintName>Prestamo Nomina</PrintName>
            <AD_Language>es_CO</AD_Language>
            <IsActive>Y</IsActive>
            <IsTranslated>Y</IsTranslated>
        </AD_Element_Trl>
    </AD_Element>

    <AD_Element_Trl type="table">
        <AD_Client_ID>0</AD_Client_ID>
        <AD_Org_ID>0</AD_Org_ID>
        <AD_Element_ID reference="uuid" reference-key="AD_Element">462a53e2-dc76-4938-9508-3a0d0fb34351</AD_Element_ID>
        <AD_Language>es_VE</AD_Language>
        <AD_Org_ID reference="id">0</AD_Org_ID>
        <IsActive>Y</IsActive>
        <Name>Préstamo activo</Name>
        <Description/>
        <Help/>
        <IsTranslated>Y</IsTranslated>
        <PrintName>Préstamo activo</PrintName>
        <PO_Description/>
        <PO_Help/>
        <PO_Name/>
        <PO_PrintName/>
        <AD_Element_Trl_UU>10f5df6a-6626-4bf9-b3b9-67fbc81bb34b</AD_Element_Trl_UU>
        <Placeholder/>
    </AD_Element_Trl>

    <AD_FieldGroup type="table">
        <AD_FieldGroup_ID>114</AD_FieldGroup_ID>
        <AD_Client_ID>0</AD_Client_ID>
        <AD_Org_ID>0</AD_Org_ID>
        <AD_FieldGroup_ID>114</AD_FieldGroup_ID>
        <AD_Org_ID reference="id">0</AD_Org_ID>
        <IsActive>Y</IsActive>
        <Name>Action</Name>
        <EntityType>D</EntityType>
        <FieldGroupType>C</FieldGroupType>
        <IsCollapsedByDefault>N</IsCollapsedByDefault>
        <AD_FieldGroup_UU>566645a1-b637-4a12-a471-8d6338e0f5a1</AD_FieldGroup_UU>
        <AD_FieldGroup_Trl type="translation">
            <Name>Acción</Name>
            <AD_Language>es_VE</AD_Language>
            <IsActive>Y</IsActive>
            <IsTranslated>Y</IsTranslated>
        </AD_FieldGroup_Trl>
        <AD_FieldGroup_Trl type="translation">
            <Name>Acción</Name>
            <AD_Language>es_CO</AD_Language>
            <IsActive>Y</IsActive>
            <IsTranslated>Y</IsTranslated>
        </AD_FieldGroup_Trl>
    </AD_FieldGroup>
    <AD_Field type="table">
        <AD_Client_ID>0</AD_Client_ID>
        <AD_Org_ID>0</AD_Org_ID>
        <Name>CompleteLoan</Name>
        <Description/>
        <Help/>
        <AD_Tab_ID reference="uuid" reference-key="AD_Tab">48f8c219-1592-49df-8e73-b58f9bc9ecc1</AD_Tab_ID>
        <AD_Column_ID reference="uuid" reference-key="AD_Column">b244f773-1b05-43d0-a76d-f78e4b8548fb</AD_Column_ID>
        <IsDisplayed>Y</IsDisplayed>
        <DisplayLogic/>
        <DisplayLength>2</DisplayLength>
        <SeqNo>250</SeqNo>
        <SortNo/>
        <IsSameLine>N</IsSameLine>
        <IsHeading>N</IsHeading>
        <IsFieldOnly>N</IsFieldOnly>
        <IsEncrypted>N</IsEncrypted>
        <AD_Org_ID reference="id">0</AD_Org_ID>
        <IsActive>Y</IsActive>
        <IsReadOnly>N</IsReadOnly>
        <IsCentrallyMaintained>N</IsCentrallyMaintained>
        <AD_FieldGroup_ID reference="id">114</AD_FieldGroup_ID>
        <EntityType>ING_Payroll</EntityType>
        <ObscureType/>
        <AD_Reference_ID reference="id"/>
        <IsMandatory/>
        <DefaultValue/>
        <AD_Reference_Value_ID reference="id"/>
        <AD_Val_Rule_ID reference="id"/>
        <Included_Tab_ID reference="id"/>
        <AD_Field_UU>d7618d3a-d623-4e9a-acdd-4acdbf581136</AD_Field_UU>
        <IsAllowCopy/>
        <IsDisplayedGrid>Y</IsDisplayedGrid>
        <SeqNoGrid>150</SeqNoGrid>
        <XPosition>5</XPosition>
        <ColumnSpan>2</ColumnSpan>
        <NumLines>1</NumLines>
        <IsQuickEntry>N</IsQuickEntry>
        <IsUpdateable/>
        <IsAlwaysUpdateable/>
        <MandatoryLogic/>
        <ReadOnlyLogic/>
        <IsToolbarButton/>
        <IsDefaultFocus>N</IsDefaultFocus>
        <IsAdvancedField>N</IsAdvancedField>
        <VFormat/>
        <AD_LabelStyle_ID reference="id"/>
        <AD_FieldStyle_ID reference="id"/>
        <IsQuickForm>N</IsQuickForm>
        <Placeholder/>
        <IsSelectionColumn/>
        <AD_Val_Rule_Lookup_ID reference="id"/>
        <ColumnSQL/>
        <AD_Field_Trl type="translation">
            <Description/>
            <Help/>
            <Name>Completar Prestamo</Name>
            <Placeholder/>
            <AD_Language>es_CO</AD_Language>
            <IsActive>Y</IsActive>
            <IsTranslated>Y</IsTranslated>
        </AD_Field_Trl>
        <AD_Field_Trl type="translation">
            <Description/>
            <Help/>
            <Name>Completar Prestamo</Name>
            <Placeholder/>
            <AD_Language>es_VE</AD_Language>
            <IsActive>Y</IsActive>
            <IsTranslated>Y</IsTranslated>
        </AD_Field_Trl>
    </AD_Field>

    <AD_Process_Trl type="table">
        <AD_Client_ID>0</AD_Client_ID>
        <AD_Org_ID>0</AD_Org_ID>
        <AD_Process_ID reference="uuid" reference-key="AD_Process">b9f12e4b-52f3-4a0b-9632-1ea3f4c4481e</AD_Process_ID>
        <AD_Language>es_VE</AD_Language>
        <AD_Org_ID reference="id">0</AD_Org_ID>
        <IsActive>Y</IsActive>
        <Name>Completar Prestamo</Name>
        <Description/>
        <Help/>
        <IsTranslated>Y</IsTranslated>
        <AD_Process_Trl_UU>13a49d67-b68b-47ec-8b91-e98dd71bbccf</AD_Process_Trl_UU>
    </AD_Process_Trl>

    <AD_Process_Trl type="table">
        <AD_Client_ID>0</AD_Client_ID>
        <AD_Org_ID>0</AD_Org_ID>
        <AD_Process_ID reference="uuid" reference-key="AD_Process">b9f12e4b-52f3-4a0b-9632-1ea3f4c4481e</AD_Process_ID>
        <AD_Language>es_CO</AD_Language>
        <AD_Org_ID reference="id">0</AD_Org_ID>
        <IsActive>Y</IsActive>
        <Name>Completar Prestamo</Name>
        <Description/>
        <Help/>
        <IsTranslated>Y</IsTranslated>
        <AD_Process_Trl_UU>c7e7020f-2155-4b26-ac97-6cf589e7a0e0</AD_Process_Trl_UU>
    </AD_Process_Trl>

    <AD_Element_Trl type="table">
        <AD_Client_ID>0</AD_Client_ID>
        <AD_Org_ID>0</AD_Org_ID>
        <AD_Element_ID reference="uuid" reference-key="AD_Element">68b17c46-5d13-4291-90e9-ea8f5dd71d00</AD_Element_ID>
        <AD_Language>es_VE</AD_Language>
        <AD_Org_ID reference="id">0</AD_Org_ID>
        <IsActive>Y</IsActive>
        <Name>Recalcular Préstamo</Name>
        <Description/>
        <Help/>
        <IsTranslated>Y</IsTranslated>
        <PrintName>Recalcular Préstamo</PrintName>
        <PO_Description/>
        <PO_Help/>
        <PO_Name/>
        <PO_PrintName/>
        <AD_Element_Trl_UU>f5bb9480-36bf-4400-8040-96572abcb263</AD_Element_Trl_UU>
        <Placeholder/>
    </AD_Element_Trl>

    <AD_Element_Trl type="table">
        <AD_Client_ID>0</AD_Client_ID>
        <AD_Org_ID>0</AD_Org_ID>
        <AD_Element_ID reference="uuid" reference-key="AD_Element">6b53faf3-e9d1-4a5f-81fd-9134213e16f8</AD_Element_ID>
        <AD_Language>es_VE</AD_Language>
        <AD_Org_ID reference="id">0</AD_Org_ID>
        <IsActive>Y</IsActive>
        <Name>Número de cuotas</Name>
        <Description/>
        <Help/>
        <IsTranslated>Y</IsTranslated>
        <PrintName>Número de cuotas</PrintName>
        <PO_Description/>
        <PO_Help/>
        <PO_Name/>
        <PO_PrintName/>
        <AD_Element_Trl_UU>ad57a529-3743-4eed-8616-04635613dbad</AD_Element_Trl_UU>
        <Placeholder/>
    </AD_Element_Trl>

    <AD_Tab_Trl type="table">
        <AD_Client_ID>0</AD_Client_ID>
        <AD_Org_ID>0</AD_Org_ID>
        <AD_Tab_ID reference="uuid" reference-key="AD_Tab">7b07ce3f-e808-4f26-9913-41ec5dac1b0b</AD_Tab_ID>
        <AD_Language>es_VE</AD_Language>
        <Name>Lineas</Name>
        <Description/>
        <Help/>
        <IsTranslated>Y</IsTranslated>
        <IsActive>Y</IsActive>
        <AD_Org_ID reference="id">0</AD_Org_ID>
        <CommitWarning/>
        <AD_Tab_Trl_UU>781ba3b5-252a-46e9-8133-4db98a6e6532</AD_Tab_Trl_UU>
    </AD_Tab_Trl>

    <AD_Tab_Trl type="table">
        <AD_Client_ID>0</AD_Client_ID>
        <AD_Org_ID>0</AD_Org_ID>
        <AD_Tab_ID reference="uuid" reference-key="AD_Tab">48f8c219-1592-49df-8e73-b58f9bc9ecc1</AD_Tab_ID>
        <AD_Language>es_VE</AD_Language>
        <Name>Prestamos</Name>
        <Description/>
        <Help/>
        <IsTranslated>Y</IsTranslated>
        <IsActive>Y</IsActive>
        <AD_Org_ID reference="id">0</AD_Org_ID>
        <CommitWarning/>
        <AD_Tab_Trl_UU>95892ae1-627c-4f5e-bf59-fb60267e1a2e</AD_Tab_Trl_UU>
    </AD_Tab_Trl>

    <AD_Element_Trl type="table">
        <AD_Client_ID>0</AD_Client_ID>
        <AD_Org_ID>0</AD_Org_ID>
        <AD_Element_ID reference="uuid" reference-key="AD_Element">d0d48898-9955-4521-971b-b9cb854ca15f</AD_Element_ID>
        <AD_Language>es_CO</AD_Language>
        <AD_Org_ID reference="id">0</AD_Org_ID>
        <IsActive>Y</IsActive>
        <Name>Movimientos Acumulados</Name>
        <Description/>
        <Help/>
        <IsTranslated>Y</IsTranslated>
        <PrintName>Movimientos Acumulados</PrintName>
        <PO_Description/>
        <PO_Help/>
        <PO_Name/>
        <PO_PrintName/>
        <AD_Element_Trl_UU>fa1530e2-0a70-4cbd-a93b-a1cc21f92056</AD_Element_Trl_UU>
        <Placeholder/>
    </AD_Element_Trl>

    <AD_Element_Trl type="table">
        <AD_Client_ID>0</AD_Client_ID>
        <AD_Org_ID>0</AD_Org_ID>
        <AD_Element_ID reference="uuid" reference-key="AD_Element">d0d48898-9955-4521-971b-b9cb854ca15f</AD_Element_ID>
        <AD_Language>es_VE</AD_Language>
        <AD_Org_ID reference="id">0</AD_Org_ID>
        <IsActive>Y</IsActive>
        <Name>Movimientos Acumulados</Name>
        <Description/>
        <Help/>
        <IsTranslated>Y</IsTranslated>
        <PrintName>Movimientos Acumulados</PrintName>
        <PO_Description/>
        <PO_Help/>
        <PO_Name/>
        <PO_PrintName/>
        <AD_Element_Trl_UU>87856204-f6f5-43d1-bc93-637f27b144b8</AD_Element_Trl_UU>
        <Placeholder/>
    </AD_Element_Trl>

    <AD_Element_Trl type="table">
        <AD_Client_ID>0</AD_Client_ID>
        <AD_Org_ID>0</AD_Org_ID>
        <AD_Element_ID reference="uuid" reference-key="AD_Element">53d9a0c5-5a78-4fa2-9a3f-69a8932eb0f9</AD_Element_ID>
        <AD_Language>es_CO</AD_Language>
        <AD_Org_ID reference="id">0</AD_Org_ID>
        <IsActive>Y</IsActive>
        <Name>Línea de factura (Obligaciones legales)</Name>
        <Description>Línea de factura (Obligaciones legales)</Description>
        <Help/>
        <IsTranslated>Y</IsTranslated>
        <PrintName>Línea de factura (Obligaciones legales)</PrintName>
        <PO_Description/>
        <PO_Help/>
        <PO_Name/>
        <PO_PrintName/>
        <AD_Element_Trl_UU>6edaf6ff-b1bf-46df-a34c-fc93d1062866</AD_Element_Trl_UU>
        <Placeholder/>
    </AD_Element_Trl>

    <AD_Element_Trl type="table">
        <AD_Client_ID>0</AD_Client_ID>
        <AD_Org_ID>0</AD_Org_ID>
        <AD_Element_ID reference="uuid" reference-key="AD_Element">53d9a0c5-5a78-4fa2-9a3f-69a8932eb0f9</AD_Element_ID>
        <AD_Language>es_VE</AD_Language>
        <AD_Org_ID reference="id">0</AD_Org_ID>
        <IsActive>Y</IsActive>
        <Name>Línea de factura (Obligaciones legales)</Name>
        <Description>Línea de factura (Obligaciones legales)</Description>
        <Help/>
        <IsTranslated>Y</IsTranslated>
        <PrintName>Línea de factura (Obligaciones legales)</PrintName>
        <PO_Description/>
        <PO_Help/>
        <PO_Name/>
        <PO_PrintName/>
        <AD_Element_Trl_UU>cc30c0cf-4c29-41cc-a572-37496d54c7a9</AD_Element_Trl_UU>
        <Placeholder/>
    </AD_Element_Trl>

    <AD_Element_Trl type="table">
        <AD_Client_ID>0</AD_Client_ID>
        <AD_Org_ID>0</AD_Org_ID>
        <AD_Element_ID reference="uuid" reference-key="AD_Element">42f3b568-55a8-492f-b779-fce4c0950f31</AD_Element_ID>
        <AD_Language>es_CO</AD_Language>
        <AD_Org_ID reference="id">0</AD_Org_ID>
        <IsActive>Y</IsActive>
        <Name>Generar Archivo</Name>
        <Description>Generar Archivo desde Formato de Impresion</Description>
        <Help/>
        <IsTranslated>Y</IsTranslated>
        <PrintName>Generar Archivo</PrintName>
        <PO_Description/>
        <PO_Help/>
        <PO_Name/>
        <PO_PrintName/>
        <AD_Element_Trl_UU>c3e16c3c-9854-463c-b281-e85143817e85</AD_Element_Trl_UU>
        <Placeholder/>
    </AD_Element_Trl>

    <AD_Element_Trl type="table">
        <AD_Client_ID>0</AD_Client_ID>
        <AD_Org_ID>0</AD_Org_ID>
        <AD_Element_ID reference="uuid" reference-key="AD_Element">42f3b568-55a8-492f-b779-fce4c0950f31</AD_Element_ID>
        <AD_Language>es_VE</AD_Language>
        <AD_Org_ID reference="id">0</AD_Org_ID>
        <IsActive>Y</IsActive>
        <Name>Generar Archivo</Name>
        <Description>Generar Archivo desde Formato de Impresion</Description>
        <Help/>
        <IsTranslated>Y</IsTranslated>
        <PrintName>Generar Archivo</PrintName>
        <PO_Description/>
        <PO_Help/>
        <PO_Name/>
        <PO_PrintName/>
        <AD_Element_Trl_UU>39528905-6424-4854-a555-0f5c51d7ac47</AD_Element_Trl_UU>
        <Placeholder/>
    </AD_Element_Trl>

    <AD_Element_Trl type="table">
        <AD_Client_ID>0</AD_Client_ID>
        <AD_Org_ID>0</AD_Org_ID>
        <AD_Element_ID reference="uuid" reference-key="AD_Element">82d9fdf3-eeb8-40e9-8f5e-a146e7531fbc</AD_Element_ID>
        <AD_Language>es_VE</AD_Language>
        <AD_Org_ID reference="id">0</AD_Org_ID>
        <IsActive>Y</IsActive>
        <Name>Contabilidad Acumulada</Name>
        <Description/>
        <Help/>
        <IsTranslated>Y</IsTranslated>
        <PrintName>Contabilidad Acumulada</PrintName>
        <PO_Description/>
        <PO_Help/>
        <PO_Name/>
        <PO_PrintName/>
        <AD_Element_Trl_UU>65884a28-7fb3-4acd-8170-0dd4af7f8092</AD_Element_Trl_UU>
        <Placeholder/>
    </AD_Element_Trl>

    <AD_Element_Trl type="table">
        <AD_Client_ID>0</AD_Client_ID>
        <AD_Org_ID>0</AD_Org_ID>
        <AD_Element_ID reference="uuid" reference-key="AD_Element">82d9fdf3-eeb8-40e9-8f5e-a146e7531fbc</AD_Element_ID>
        <AD_Language>es_CO</AD_Language>
        <AD_Org_ID reference="id">0</AD_Org_ID>
        <IsActive>Y</IsActive>
        <Name>Contabilidad Acumulada</Name>
        <Description/>
        <Help/>
        <IsTranslated>Y</IsTranslated>
        <PrintName>Contabilidad Acumulada</PrintName>
        <PO_Description/>
        <PO_Help/>
        <PO_Name/>
        <PO_PrintName/>
        <AD_Element_Trl_UU>a2ba24da-0d12-4e5e-886d-f30606ff80bc</AD_Element_Trl_UU>
        <Placeholder/>
    </AD_Element_Trl>

    <AD_Element_Trl type="table">
        <AD_Client_ID>0</AD_Client_ID>
        <AD_Org_ID>0</AD_Org_ID>
        <AD_Element_ID reference="uuid" reference-key="AD_Element">8540baae-491b-4755-866b-653a99c91663</AD_Element_ID>
        <AD_Language>es_VE</AD_Language>
        <AD_Org_ID reference="id">0</AD_Org_ID>
        <IsActive>Y</IsActive>
        <Name>Todas las organizaciones</Name>
        <Description/>
        <Help/>
        <IsTranslated>Y</IsTranslated>
        <PrintName>Todas las organizaciones</PrintName>
        <PO_Description/>
        <PO_Help/>
        <PO_Name/>
        <PO_PrintName/>
        <AD_Element_Trl_UU>8bd9dc44-f25c-428d-a386-70f2c94009b3</AD_Element_Trl_UU>
        <Placeholder/>
    </AD_Element_Trl>

    <AD_Element_Trl type="table">
        <AD_Client_ID>0</AD_Client_ID>
        <AD_Org_ID>0</AD_Org_ID>
        <AD_Element_ID reference="uuid" reference-key="AD_Element">8540baae-491b-4755-866b-653a99c91663</AD_Element_ID>
        <AD_Language>es_CO</AD_Language>
        <AD_Org_ID reference="id">0</AD_Org_ID>
        <IsActive>Y</IsActive>
        <Name>Todas las organizaciones</Name>
        <Description/>
        <Help/>
        <IsTranslated>Y</IsTranslated>
        <PrintName>Todas las organizaciones</PrintName>
        <PO_Description/>
        <PO_Help/>
        <PO_Name/>
        <PO_PrintName/>
        <AD_Element_Trl_UU>a1b218f5-49f9-4796-b1de-1fc553259555</AD_Element_Trl_UU>
        <Placeholder/>
    </AD_Element_Trl>

    <AD_Element_Trl type="table">
        <AD_Client_ID>0</AD_Client_ID>
        <AD_Org_ID>0</AD_Org_ID>
        <AD_Element_ID reference="uuid" reference-key="AD_Element">f3e8cb79-4915-467c-ade0-134d3e1cc606</AD_Element_ID>
        <AD_Language>es_VE</AD_Language>
        <AD_Org_ID reference="id">0</AD_Org_ID>
        <IsActive>Y</IsActive>
        <Name>Concepto Selección de Pago</Name>
        <Description/>
        <Help/>
        <IsTranslated>Y</IsTranslated>
        <PrintName>Concepto Selección de Pago</PrintName>
        <PO_Description/>
        <PO_Help/>
        <PO_Name/>
        <PO_PrintName/>
        <AD_Element_Trl_UU>4ad21f33-ab12-470e-8646-54b6ad83c3cc</AD_Element_Trl_UU>
        <Placeholder/>
    </AD_Element_Trl>

    <AD_Element type="table">
        <AD_Client_ID>0</AD_Client_ID>
        <AD_Org_ID>0</AD_Org_ID>
        <AD_Org_ID reference="id">0</AD_Org_ID>
        <IsActive>Y</IsActive>
        <ColumnName>IsEmployeeApplicable</ColumnName>
        <Name>Is Employee Applicable</Name>
        <Description/>
        <Help/>
        <PrintName>Is Employee Applicable</PrintName>
        <PO_Description/>
        <PO_Help/>
        <PO_Name/>
        <PO_PrintName/>
        <EntityType>ING_Payroll</EntityType>
        <AD_Element_UU>77564a93-2751-4a81-8a2e-dfa2b050171d</AD_Element_UU>
        <Placeholder/>
        <AD_Element_Trl type="translation">
            <Description/>
            <Help/>
            <Name>Es Aplicable por Empleado</Name>
            <Placeholder/>
            <PO_Description/>
            <PO_Help/>
            <PO_Name/>
            <PO_PrintName/>
            <PrintName>Es Aplicable por Empleado</PrintName>
            <AD_Language>es_VE</AD_Language>
            <IsActive>Y</IsActive>
            <IsTranslated>Y</IsTranslated>
        </AD_Element_Trl>
        <AD_Element_Trl type="translation">
            <Description/>
            <Help/>
            <Name>Es Aplicable por Empleado</Name>
            <Placeholder/>
            <PO_Description/>
            <PO_Help/>
            <PO_Name/>
            <PO_PrintName/>
            <PrintName>Es Aplicable por Empleado</PrintName>
            <AD_Language>es_CO</AD_Language>
            <IsActive>Y</IsActive>
            <IsTranslated>Y</IsTranslated>
        </AD_Element_Trl>
    </AD_Element>

    <AD_Element_Trl type="table">
        <AD_Client_ID>0</AD_Client_ID>
        <AD_Org_ID>0</AD_Org_ID>
        <AD_Element_ID reference="uuid" reference-key="AD_Element">78365d62-5a0a-4d75-af9e-41f15bf36a30</AD_Element_ID>
        <AD_Language>es_CO</AD_Language>
        <AD_Org_ID reference="id">0</AD_Org_ID>
        <IsActive>Y</IsActive>
        <Name>Concepto desde ID</Name>
        <Description/>
        <Help/>
        <IsTranslated>Y</IsTranslated>
        <PrintName>Concepto desde ID</PrintName>
        <PO_Description/>
        <PO_Help/>
        <PO_Name/>
        <PO_PrintName/>
        <AD_Element_Trl_UU>50ae6bbd-de73-4c3a-888c-016cbde22524</AD_Element_Trl_UU>
        <Placeholder/>
    </AD_Element_Trl>

    <AD_Element_Trl type="table">
        <AD_Client_ID>0</AD_Client_ID>
        <AD_Org_ID>0</AD_Org_ID>
        <AD_Element_ID reference="uuid" reference-key="AD_Element">78365d62-5a0a-4d75-af9e-41f15bf36a30</AD_Element_ID>
        <AD_Language>es_VE</AD_Language>
        <AD_Org_ID reference="id">0</AD_Org_ID>
        <IsActive>Y</IsActive>
        <Name>Concepto desde ID</Name>
        <Description/>
        <Help/>
        <IsTranslated>Y</IsTranslated>
        <PrintName>Concepto desde ID</PrintName>
        <PO_Description/>
        <PO_Help/>
        <PO_Name/>
        <PO_PrintName/>
        <AD_Element_Trl_UU>af416c9b-1d63-4c56-879e-9d0e1fc9f1f8</AD_Element_Trl_UU>
        <Placeholder/>
    </AD_Element_Trl>

    <AD_Element_Trl type="table">
        <AD_Client_ID>0</AD_Client_ID>
        <AD_Org_ID>0</AD_Org_ID>
        <AD_Element_ID reference="uuid" reference-key="AD_Element">d7285171-8ef1-4bbf-87e3-4ba543131323</AD_Element_ID>
        <AD_Language>es_CO</AD_Language>
        <AD_Org_ID reference="id">0</AD_Org_ID>
        <IsActive>Y</IsActive>
        <Name>Se requiere para el trabajador</Name>
        <Description/>
        <Help/>
        <IsTranslated>Y</IsTranslated>
        <PrintName>Se requiere para el trabajador</PrintName>
        <PO_Description/>
        <PO_Help/>
        <PO_Name/>
        <PO_PrintName/>
        <AD_Element_Trl_UU>912737a1-4bb4-42dd-a24c-b19d1d3cb5cb</AD_Element_Trl_UU>
        <Placeholder/>
    </AD_Element_Trl>

    <AD_Element_Trl type="table">
        <AD_Client_ID>0</AD_Client_ID>
        <AD_Org_ID>0</AD_Org_ID>
        <AD_Element_ID reference="uuid" reference-key="AD_Element">d7285171-8ef1-4bbf-87e3-4ba543131323</AD_Element_ID>
        <AD_Language>es_VE</AD_Language>
        <AD_Org_ID reference="id">0</AD_Org_ID>
        <IsActive>Y</IsActive>
        <Name>Se requiere para el trabajador</Name>
        <Description/>
        <Help/>
        <IsTranslated>Y</IsTranslated>
        <PrintName>Se requiere para el trabajador</PrintName>
        <PO_Description/>
        <PO_Help/>
        <PO_Name/>
        <PO_PrintName/>
        <AD_Element_Trl_UU>d52d0951-784f-4db8-ba52-7e962a4d7c5c</AD_Element_Trl_UU>
        <Placeholder/>
    </AD_Element_Trl>

    <AD_Element_Trl type="table">
        <AD_Client_ID>0</AD_Client_ID>
        <AD_Org_ID>0</AD_Org_ID>
        <AD_Element_ID reference="uuid" reference-key="AD_Element">3871ddfa-0752-473e-847b-90c1f0722f4b</AD_Element_ID>
        <AD_Language>es_VE</AD_Language>
        <AD_Org_ID reference="id">0</AD_Org_ID>
        <IsActive>Y</IsActive>
        <Name>Articulo Relacionado</Name>
        <Description/>
        <Help/>
        <IsTranslated>Y</IsTranslated>
        <PrintName>Articulo Relacionado</PrintName>
        <PO_Description/>
        <PO_Help/>
        <PO_Name/>
        <PO_PrintName/>
        <AD_Element_Trl_UU>915f4528-3d2b-49ce-ac5c-9a5fd1c4f296</AD_Element_Trl_UU>
        <Placeholder/>
    </AD_Element_Trl>

   <AD_Element_Trl type="table">
        <AD_Client_ID>0</AD_Client_ID>
        <AD_Org_ID>0</AD_Org_ID>
        <AD_Element_ID reference="uuid" reference-key="AD_Element">3871ddfa-0752-473e-847b-90c1f0722f4b</AD_Element_ID>
        <AD_Language>es_CO</AD_Language>
        <AD_Org_ID reference="id">0</AD_Org_ID>
        <IsActive>Y</IsActive>
        <Name>Articulo Relacionado</Name>
        <Description/>
        <Help/>
        <IsTranslated>Y</IsTranslated>
        <PrintName>Articulo Relacionado</PrintName>
        <PO_Description/>
        <PO_Help/>
        <PO_Name/>
        <PO_PrintName/>
        <AD_Element_Trl_UU>a238920f-9609-4759-bfa7-eb46990e9347</AD_Element_Trl_UU>
        <Placeholder/>
    </AD_Element_Trl>

    <AD_Element_Trl type="table">
        <AD_Client_ID>0</AD_Client_ID>
        <AD_Org_ID>0</AD_Org_ID>
        <AD_Element_ID reference="uuid" reference-key="AD_Element">6ff7ae74-88d4-4926-8c26-c6ff45252cef</AD_Element_ID>
        <AD_Language>es_VE</AD_Language>
        <AD_Org_ID reference="id">0</AD_Org_ID>
        <IsActive>Y</IsActive>
        <Name>Forzar registro de movimiento</Name>
        <Description/>
        <Help/>
        <IsTranslated>Y</IsTranslated>
        <PrintName>Forzar registro de movimiento</PrintName>
        <PO_Description/>
        <PO_Help/>
        <PO_Name/>
        <PO_PrintName/>
        <AD_Element_Trl_UU>90f59340-161c-4412-b58b-f05b2944a170</AD_Element_Trl_UU>
        <Placeholder/>
    </AD_Element_Trl>

    <AD_Element_Trl type="table">
        <AD_Client_ID>0</AD_Client_ID>
        <AD_Org_ID>0</AD_Org_ID>
        <AD_Element_ID reference="uuid" reference-key="AD_Element">6ff7ae74-88d4-4926-8c26-c6ff45252cef</AD_Element_ID>
        <AD_Language>es_CO</AD_Language>
        <AD_Org_ID reference="id">0</AD_Org_ID>
        <IsActive>Y</IsActive>
        <Name>Forzar registro de movimiento</Name>
        <Description/>
        <Help/>
        <IsTranslated>Y</IsTranslated>
        <PrintName>Forzar registro de movimiento</PrintName>
        <PO_Description/>
        <PO_Help/>
        <PO_Name/>
        <PO_PrintName/>
        <AD_Element_Trl_UU>24bfe749-b9f9-474a-b437-679efe3454b6</AD_Element_Trl_UU>
        <Placeholder/>
    </AD_Element_Trl>

    <AD_Element_Trl type="table">
        <AD_Client_ID>0</AD_Client_ID>
        <AD_Org_ID>0</AD_Org_ID>
        <AD_Element_ID reference="uuid" reference-key="AD_Element">33922dd5-8069-4778-97a7-50bd7359e117</AD_Element_ID>
        <AD_Language>es_CO</AD_Language>
        <AD_Org_ID reference="id">0</AD_Org_ID>
        <IsActive>Y</IsActive>
        <Name>Es Tabulador Cruzado</Name>
        <Description/>
        <Help/>
        <IsTranslated>Y</IsTranslated>
        <PrintName>Es Tabulador Cruzado</PrintName>
        <PO_Description/>
        <PO_Help/>
        <PO_Name/>
        <PO_PrintName/>
        <AD_Element_Trl_UU>54f72d4c-9487-435e-8044-d2953cd172c6</AD_Element_Trl_UU>
        <Placeholder/>
    </AD_Element_Trl>

    <AD_Element_Trl type="table">
        <AD_Client_ID>0</AD_Client_ID>
        <AD_Org_ID>0</AD_Org_ID>
        <AD_Element_ID reference="uuid" reference-key="AD_Element">33922dd5-8069-4778-97a7-50bd7359e117</AD_Element_ID>
        <AD_Language>es_VE</AD_Language>
        <AD_Org_ID reference="id">0</AD_Org_ID>
        <IsActive>Y</IsActive>
        <Name>Es Tabulador Cruzado</Name>
        <Description/>
        <Help/>
        <IsTranslated>Y</IsTranslated>
        <PrintName>Es Tabulador Cruzado</PrintName>
        <PO_Description/>
        <PO_Help/>
        <PO_Name/>
        <PO_PrintName/>
        <AD_Element_Trl_UU>542eeda8-0ddd-46c5-9918-7dd88c932313</AD_Element_Trl_UU>
        <Placeholder/>
    </AD_Element_Trl>

    <AD_Element_Trl type="table">
        <AD_Client_ID>0</AD_Client_ID>
        <AD_Org_ID>0</AD_Org_ID>
        <AD_Element_ID reference="uuid" reference-key="AD_Element">d4ce8a75-13e6-45ac-980a-b752a790023a</AD_Element_ID>
        <AD_Language>es_VE</AD_Language>
        <AD_Org_ID reference="id">0</AD_Org_ID>
        <IsActive>Y</IsActive>
        <Name>Es Concepto de Ley</Name>
        <Description/>
        <Help/>
        <IsTranslated>Y</IsTranslated>
        <PrintName>Es Concepto de Ley</PrintName>
        <PO_Description/>
        <PO_Help/>
        <PO_Name/>
        <PO_PrintName/>
        <AD_Element_Trl_UU>daf5fc58-0a9e-4dcd-aa8e-94ace09eae8e</AD_Element_Trl_UU>
        <Placeholder/>
    </AD_Element_Trl>

    <AD_Element_Trl type="table">
        <AD_Client_ID>0</AD_Client_ID>
        <AD_Org_ID>0</AD_Org_ID>
        <AD_Element_ID reference="uuid" reference-key="AD_Element">d4ce8a75-13e6-45ac-980a-b752a790023a</AD_Element_ID>
        <AD_Language>es_CO</AD_Language>
        <AD_Org_ID reference="id">0</AD_Org_ID>
        <IsActive>Y</IsActive>
        <Name>Es Concepto de Ley</Name>
        <Description/>
        <Help/>
        <IsTranslated>Y</IsTranslated>
        <PrintName>Es Concepto de Ley</PrintName>
        <PO_Description/>
        <PO_Help/>
        <PO_Name/>
        <PO_PrintName/>
        <AD_Element_Trl_UU>082d1e64-87bd-4c72-a432-49c13f97030b</AD_Element_Trl_UU>
        <Placeholder/>
    </AD_Element_Trl>

    <AD_Element_Trl type="table">
        <AD_Client_ID>0</AD_Client_ID>
        <AD_Org_ID>0</AD_Org_ID>
        <AD_Element_ID reference="uuid" reference-key="AD_Element">2ecffe7e-5cd8-4440-9212-64f282e84242</AD_Element_ID>
        <AD_Language>es_VE</AD_Language>
        <AD_Org_ID reference="id">0</AD_Org_ID>
        <IsActive>Y</IsActive>
        <Name>Aplica por fecha de corte</Name>
        <Description/>
        <Help>Al activar este flag el sistema toma en cuenta el día de corte del Configurador del Sistema CutDayPayrollEvents</Help>
        <IsTranslated>Y</IsTranslated>
        <PrintName>Aplica por fecha de corte</PrintName>
        <PO_Description/>
        <PO_Help/>
        <PO_Name/>
        <PO_PrintName/>
        <AD_Element_Trl_UU>bbea0583-2d23-4491-8e0a-025c76fcc2a4</AD_Element_Trl_UU>
        <Placeholder/>
    </AD_Element_Trl>

    <AD_Window_Trl type="table">
        <AD_Client_ID>0</AD_Client_ID>
        <AD_Org_ID>0</AD_Org_ID>
        <AD_Window_ID reference="uuid" reference-key="AD_Window">a5057065-689c-41ac-a54d-4a41703d4380</AD_Window_ID>
        <AD_Language>es_CO</AD_Language>
        <Description/>
        <Help/>
        <Name>Región de Nómina</Name>
        <IsTranslated>Y</IsTranslated>
        <IsActive>Y</IsActive>
        <AD_Org_ID reference="id">0</AD_Org_ID>
        <AD_Window_Trl_UU>eb77d32c-50ec-4a76-a57d-e1e9081ba4e1</AD_Window_Trl_UU>
    </AD_Window_Trl>

    <AD_Element_Trl type="table">
        <AD_Client_ID>0</AD_Client_ID>
        <AD_Org_ID>0</AD_Org_ID>
        <AD_Element_ID reference="uuid" reference-key="AD_Element">626a0e3b-5585-4edb-815e-b607c726425a</AD_Element_ID>
        <AD_Language>es_VE</AD_Language>
        <AD_Org_ID reference="id">0</AD_Org_ID>
        <IsActive>Y</IsActive>
        <Name>Linea Región de Nómina</Name>
        <Description/>
        <Help/>
        <IsTranslated>Y</IsTranslated>
        <PrintName>Linea Región de Nómina</PrintName>
        <PO_Description/>
        <PO_Help/>
        <PO_Name/>
        <PO_PrintName/>
        <AD_Element_Trl_UU>3695c0fc-a4e4-4b9c-ab89-5f76d40a51a2</AD_Element_Trl_UU>
        <Placeholder/>
    </AD_Element_Trl>

    <AD_Element_Trl type="table">
        <AD_Client_ID>0</AD_Client_ID>
        <AD_Org_ID>0</AD_Org_ID>
        <AD_Element_ID reference="uuid" reference-key="AD_Element">ed4aec7f-8033-427c-bad8-7abbfd8a5741</AD_Element_ID>
        <AD_Language>es_VE</AD_Language>
        <AD_Org_ID reference="id">0</AD_Org_ID>
        <IsActive>Y</IsActive>
        <Name>Región de Nómina</Name>
        <Description/>
        <Help/>
        <IsTranslated>Y</IsTranslated>
        <PrintName>Región de Nómina</PrintName>
        <PO_Description/>
        <PO_Help/>
        <PO_Name/>
        <PO_PrintName/>
        <AD_Element_Trl_UU>d0212433-0b7b-4c35-8fd4-b0e364d755a8</AD_Element_Trl_UU>
        <Placeholder/>
    </AD_Element_Trl>

    <AD_Tab_Trl type="table">
        <AD_Client_ID>0</AD_Client_ID>
        <AD_Org_ID>0</AD_Org_ID>
        <AD_Tab_ID reference="uuid" reference-key="AD_Tab">c7b4ebed-5de1-495d-8832-8f17fd00efd2</AD_Tab_ID>
        <AD_Language>es_VE</AD_Language>
        <Name>Linea de Región de Nómina</Name>
        <Description/>
        <Help/>
        <IsTranslated>Y</IsTranslated>
        <IsActive>Y</IsActive>
        <AD_Org_ID reference="id">0</AD_Org_ID>
        <CommitWarning/>
        <AD_Tab_Trl_UU>53186864-36c4-4100-8f3f-ae3e0b512397</AD_Tab_Trl_UU>
    </AD_Tab_Trl>

    <AD_Tab_Trl type="table">
        <AD_Client_ID>0</AD_Client_ID>
        <AD_Org_ID>0</AD_Org_ID>
        <AD_Tab_ID reference="uuid" reference-key="AD_Tab">c7b4ebed-5de1-495d-8832-8f17fd00efd2</AD_Tab_ID>
        <AD_Language>es_CO</AD_Language>
        <Name>Linea de Región de Nómina</Name>
        <Description/>
        <Help/>
        <IsTranslated>Y</IsTranslated>
        <IsActive>Y</IsActive>
        <AD_Org_ID reference="id">0</AD_Org_ID>
        <CommitWarning/>
        <AD_Tab_Trl_UU>456d3500-cb0c-4d92-91e2-ce9ab7b6ca32</AD_Tab_Trl_UU>
    </AD_Tab_Trl>

    <AD_Tab_Trl type="table">
        <AD_Client_ID>0</AD_Client_ID>
        <AD_Org_ID>0</AD_Org_ID>
        <AD_Tab_ID reference="uuid" reference-key="AD_Tab">be2f3467-e432-46bb-8bf5-84edfceaa2bc</AD_Tab_ID>
        <AD_Language>es_CO</AD_Language>
        <Name>Región de Nómina</Name>
        <Description/>
        <Help/>
        <IsTranslated>Y</IsTranslated>
        <IsActive>Y</IsActive>
        <AD_Org_ID reference="id">0</AD_Org_ID>
        <CommitWarning/>
        <AD_Tab_Trl_UU>183250dc-a44e-4e5e-b6b2-1880b20ba0a4</AD_Tab_Trl_UU>
    </AD_Tab_Trl>

    <AD_Tab_Trl type="table">
        <AD_Client_ID>0</AD_Client_ID>
        <AD_Org_ID>0</AD_Org_ID>
        <AD_Tab_ID reference="uuid" reference-key="AD_Tab">be2f3467-e432-46bb-8bf5-84edfceaa2bc</AD_Tab_ID>
        <AD_Language>es_VE</AD_Language>
        <Name>Región de Nómina</Name>
        <Description/>
        <Help/>
        <IsTranslated>Y</IsTranslated>
        <IsActive>Y</IsActive>
        <AD_Org_ID reference="id">0</AD_Org_ID>
        <CommitWarning/>
        <AD_Tab_Trl_UU>dea281fd-872a-4b0d-a9d3-817ca05e02bd</AD_Tab_Trl_UU>
    </AD_Tab_Trl>

    <AD_Tab_Trl type="table">
        <AD_Client_ID>0</AD_Client_ID>
        <AD_Org_ID>0</AD_Org_ID>
        <AD_Tab_ID reference="uuid" reference-key="AD_Tab">2c485344-d701-4d8c-82ba-bdf8ec34b8d1</AD_Tab_ID>
        <AD_Language>es_VE</AD_Language>
        <Name>Tipo de Factor Base</Name>
        <Description/>
        <Help/>
        <IsTranslated>Y</IsTranslated>
        <IsActive>Y</IsActive>
        <AD_Org_ID reference="id">0</AD_Org_ID>
        <CommitWarning/>
        <AD_Tab_Trl_UU>5dac99a2-7e02-4c2b-b304-d23196519feb</AD_Tab_Trl_UU>
    </AD_Tab_Trl>

    <AD_Window_Trl type="table">
        <AD_Client_ID>0</AD_Client_ID>
        <AD_Org_ID>0</AD_Org_ID>
        <AD_Window_ID reference="uuid" reference-key="AD_Window">cb69cd5f-540c-4b8a-afd5-174b3289df68</AD_Window_ID>
        <AD_Language>es_VE</AD_Language>
        <Description/>
        <Help/>
        <Name>Tipo de Factor Base</Name>
        <IsTranslated>Y</IsTranslated>
        <IsActive>Y</IsActive>
        <AD_Org_ID reference="id">0</AD_Org_ID>
        <AD_Window_Trl_UU>a14c012d-2538-472e-8db1-18326a36ea1c</AD_Window_Trl_UU>
    </AD_Window_Trl>

    <AD_Element_Trl type="table">
        <AD_Client_ID>0</AD_Client_ID>
        <AD_Org_ID>0</AD_Org_ID>
        <AD_Element_ID reference="uuid" reference-key="AD_Element">56ce883c-e293-4e54-b124-185e464d6966</AD_Element_ID>
        <AD_Language>es_VE</AD_Language>
        <AD_Org_ID reference="id">0</AD_Org_ID>
        <IsActive>Y</IsActive>
        <Name>Estructura Ocupacional</Name>
        <Description/>
        <Help/>
        <IsTranslated>Y</IsTranslated>
        <PrintName>Estructura Ocupacional</PrintName>
        <PO_Description/>
        <PO_Help/>
        <PO_Name/>
        <PO_PrintName/>
        <AD_Element_Trl_UU>7c2a9425-1cac-4724-a0af-811b4c045e24</AD_Element_Trl_UU>
        <Placeholder/>
    </AD_Element_Trl>

    <AD_Element_Trl type="table">
        <AD_Client_ID>0</AD_Client_ID>
        <AD_Org_ID>0</AD_Org_ID>
        <AD_Element_ID reference="uuid" reference-key="AD_Element">aa2346c5-3735-4797-8548-e67ef3975e1e</AD_Element_ID>
        <AD_Language>es_VE</AD_Language>
        <AD_Org_ID reference="id">0</AD_Org_ID>
        <IsActive>Y</IsActive>
        <Name>Oferta Salarial</Name>
        <Description/>
        <Help/>
        <IsTranslated>Y</IsTranslated>
        <PrintName>Oferta Salarial</PrintName>
        <PO_Description/>
        <PO_Help/>
        <PO_Name/>
        <PO_PrintName/>
        <AD_Element_Trl_UU>8c194509-4b93-4dd3-a3c8-6fbe0f6a29b3</AD_Element_Trl_UU>
        <Placeholder/>
    </AD_Element_Trl>

    <AD_Tab_Trl type="table">
        <AD_Client_ID>0</AD_Client_ID>
        <AD_Org_ID>0</AD_Org_ID>
        <AD_Tab_ID reference="uuid" reference-key="AD_Tab">1b98fb14-a338-4633-9cb9-39a9f17e6776</AD_Tab_ID>
        <AD_Language>es_CO</AD_Language>
        <Name>Codigo Sectorial</Name>
        <Description/>
        <Help/>
        <IsTranslated>Y</IsTranslated>
        <IsActive>Y</IsActive>
        <AD_Org_ID reference="id">0</AD_Org_ID>
        <CommitWarning/>
        <AD_Tab_Trl_UU>22cd094a-dc07-40a5-a08d-628ec081e136</AD_Tab_Trl_UU>
    </AD_Tab_Trl>

    <AD_Tab_Trl type="table">
        <AD_Client_ID>0</AD_Client_ID>
        <AD_Org_ID>0</AD_Org_ID>
        <AD_Tab_ID reference="uuid" reference-key="AD_Tab">1b98fb14-a338-4633-9cb9-39a9f17e6776</AD_Tab_ID>
        <AD_Language>es_VE</AD_Language>
        <Name>Codigo Sectorial</Name>
        <Description/>
        <Help/>
        <IsTranslated>Y</IsTranslated>
        <IsActive>Y</IsActive>
        <AD_Org_ID reference="id">0</AD_Org_ID>
        <CommitWarning/>
        <AD_Tab_Trl_UU>78634ac6-13b5-4535-ac2b-dfbfac4d1e54</AD_Tab_Trl_UU>
    </AD_Tab_Trl>

    <AD_Window_Trl type="table">
        <AD_Client_ID>0</AD_Client_ID>
        <AD_Org_ID>0</AD_Org_ID>
        <AD_Window_ID reference="uuid" reference-key="AD_Window">00da22c7-f489-40d3-814d-42e48f025fbb</AD_Window_ID>
        <AD_Language>es_VE</AD_Language>
        <Description/>
        <Help/>
        <Name>Codigo Sectorial</Name>
        <IsTranslated>Y</IsTranslated>
        <IsActive>Y</IsActive>
        <AD_Org_ID reference="id">0</AD_Org_ID>
        <AD_Window_Trl_UU>2bacfe7e-1d96-4bb7-b735-1ca3fdcbc4b3</AD_Window_Trl_UU>
    </AD_Window_Trl>

    <AD_Process_Trl type="table">
        <AD_Client_ID>0</AD_Client_ID>
        <AD_Org_ID>0</AD_Org_ID>
        <AD_Process_ID reference="uuid" reference-key="AD_Process">a290a21f-e886-4a93-a6a9-002da2c03dc6</AD_Process_ID>
        <AD_Language>es_VE</AD_Language>
        <AD_Org_ID reference="id">0</AD_Org_ID>
        <IsActive>Y</IsActive>
        <Name>Crear XML Empleados</Name>
        <Description/>
        <Help/>
        <IsTranslated>Y</IsTranslated>
        <AD_Process_Trl_UU>cf9d6825-99a8-426e-abf8-d93cf4b871e7</AD_Process_Trl_UU>
    </AD_Process_Trl>

    <AD_Process_Trl type="table">
        <AD_Client_ID>0</AD_Client_ID>
        <AD_Org_ID>0</AD_Org_ID>
        <AD_Process_ID reference="uuid" reference-key="AD_Process">9804f5a1-95e8-4fbe-bb55-6ef61d27ca9a</AD_Process_ID>
        <AD_Language>es_VE</AD_Language>
        <AD_Org_ID reference="id">0</AD_Org_ID>
        <IsActive>Y</IsActive>
        <Name>Recibo de Pago Nomina</Name>
        <Description/>
        <Help/>
        <IsTranslated>Y</IsTranslated>
        <AD_Process_Trl_UU>87790158-ba05-455b-a439-0da8fe74e970</AD_Process_Trl_UU>
    </AD_Process_Trl>

    <AD_Process_Trl type="table">
        <AD_Client_ID>0</AD_Client_ID>
        <AD_Org_ID>0</AD_Org_ID>
        <AD_Process_ID reference="uuid" reference-key="AD_Process">da9046af-bc62-47b7-8171-f7e72ec75b26</AD_Process_ID>
        <AD_Language>es_VE</AD_Language>
        <AD_Org_ID reference="id">0</AD_Org_ID>
        <IsActive>Y</IsActive>
        <Name>Asignaciones y Deducciones</Name>
        <Description/>
        <Help/>
        <IsTranslated>Y</IsTranslated>
        <AD_Process_Trl_UU>49bcdd86-910a-47fd-8b98-07a8047116cc</AD_Process_Trl_UU>
    </AD_Process_Trl>

    <AD_Process_Trl type="table">
        <AD_Client_ID>0</AD_Client_ID>
        <AD_Org_ID>0</AD_Org_ID>
        <AD_Process_ID reference="uuid" reference-key="AD_Process">9808e1a0-39b2-4318-aa68-32f656b04591</AD_Process_ID>
        <AD_Language>es_VE</AD_Language>
        <AD_Org_ID reference="id">0</AD_Org_ID>
        <IsActive>Y</IsActive>
        <Name>Reporte SSO</Name>
        <Description>Seguro Social Obligatorio</Description>
        <Help/>
        <IsTranslated>Y</IsTranslated>
        <AD_Process_Trl_UU>85636afa-e9ca-48c7-9956-d9814e489553</AD_Process_Trl_UU>
    </AD_Process_Trl>

    <AD_Element_Trl type="table">
        <AD_Client_ID>0</AD_Client_ID>
        <AD_Org_ID>0</AD_Org_ID>
        <AD_Element_ID reference="uuid" reference-key="AD_Element">c8810dd8-9329-4422-a7a6-3ef4baae4c39</AD_Element_ID>
        <AD_Language>es_VE</AD_Language>
        <AD_Org_ID reference="id">0</AD_Org_ID>
        <IsActive>Y</IsActive>
        <Name>Contacto de Emergencia</Name>
        <Description/>
        <Help/>
        <IsTranslated>Y</IsTranslated>
        <PrintName>Contacto de Emergencia</PrintName>
        <PO_Description/>
        <PO_Help/>
        <PO_Name/>
        <PO_PrintName/>
        <AD_Element_Trl_UU>a0ca04dc-5e7b-4b73-aef4-d90acbad0f53</AD_Element_Trl_UU>
        <Placeholder/>
    </AD_Element_Trl>

   <AD_Field_Trl type="table">
        <AD_Client_ID>0</AD_Client_ID>
        <AD_Org_ID>0</AD_Org_ID>
        <AD_Field_ID reference="uuid" reference-key="AD_Field">7abeebe1-22fc-497c-bdc0-de08e9bdd98f</AD_Field_ID>
        <AD_Language>es_VE</AD_Language>
        <Name>Recibe email Nómina</Name>
        <Description>Recibe email Nómina</Description>
        <Help/>
        <IsTranslated>Y</IsTranslated>
        <IsActive>Y</IsActive>
        <AD_Org_ID reference="id">0</AD_Org_ID>
        <AD_Field_Trl_UU>04af0d15-1ff2-452d-990d-5794057f01f0</AD_Field_Trl_UU>
        <Placeholder/>
    </AD_Field_Trl>

    <AD_Element_Trl type="table">
        <AD_Client_ID>0</AD_Client_ID>
        <AD_Org_ID>0</AD_Org_ID>
        <AD_Element_ID reference="uuid" reference-key="AD_Element">6eaeb246-9e3b-4f59-be67-fd5a3eabe798</AD_Element_ID>
        <AD_Language>es_VE</AD_Language>
        <AD_Org_ID reference="id">0</AD_Org_ID>
        <IsActive>Y</IsActive>
        <Name>Predeterminado HR</Name>
        <Description>Predeterminado para Recursos Humanos</Description>
        <Help/>
        <IsTranslated>Y</IsTranslated>
        <PrintName>Predeterminado HR</PrintName>
        <PO_Description/>
        <PO_Help/>
        <PO_Name/>
        <PO_PrintName/>
        <AD_Element_Trl_UU>6c0498d7-ea3f-4b0d-86fb-f039c4fbf902</AD_Element_Trl_UU>
        <Placeholder/>
    </AD_Element_Trl>
</idempiere>
