<?xml version="1.0" encoding="UTF-8"?><idempiere Name="AD_Column" Version="1.0.0" idempiereVersion="9.0.0.202205181744" DataBaseVersion="2021-12-24" Description="" Author="SuperUser" AuthorEmail="aguerra@algeconsultores.com" CreatedDate="Thu Jun 09 14:17:48 VET 2022" UpdatedDate="Thu Jun 09 14:17:48 VET 2022" PackOutVersion="100" UpdateDictionary="true" Client="0-SYSTEM-System" AD_Client_UU="11237b53-9592-4af1-b3c5-afd216514b5d">
    <AD_Column type="table">
        <IsSyncDatabase>Y</IsSyncDatabase>
        <AD_Table_ID reference="id">291</AD_Table_ID>
        <AD_Reference_Value_ID reference="id"/>
        <AD_Client_ID>0</AD_Client_ID>
        <AD_Org_ID>0</AD_Org_ID>
        <Version>0</Version>
        <Name>HR_Basic_Factor_Type</Name>
        <Description/>
        <Help/>
        <AD_Val_Rule_ID reference="id"/>
        <ColumnName>HR_Basic_Factor_Type_ID</ColumnName>
        <DefaultValue>NULL</DefaultValue>
        <FieldLength>22</FieldLength>
        <IsKey>N</IsKey>
        <IsParent>N</IsParent>
        <IsMandatory>N</IsMandatory>
        <IsTranslated>N</IsTranslated>
        <IsIdentifier>N</IsIdentifier>
        <SeqNo>0</SeqNo>
        <IsEncrypted>N</IsEncrypted>
        <AD_Reference_ID reference="id">19</AD_Reference_ID>
        <AD_Org_ID reference="id">0</AD_Org_ID>
        <IsActive>Y</IsActive>
        <VFormat/>
        <Callout/>
        <AD_Element_ID reference="uuid" reference-key="AD_Element">e1eee103-c14d-43a8-8ba0-c897e5b8c0a1</AD_Element_ID>
        <IsUpdateable>Y</IsUpdateable>
        <AD_Process_ID reference="id"/>
        <ValueMin/>
        <ValueMax/>
        <IsSelectionColumn>N</IsSelectionColumn>
        <ReadOnlyLogic/>
        <EntityType>ING_Payroll</EntityType>
        <IsAlwaysUpdateable>Y</IsAlwaysUpdateable>
        <ColumnSQL/>
        <MandatoryLogic/>
        <IsAutocomplete>N</IsAutocomplete>
        <IsAllowLogging>Y</IsAllowLogging>
        <FormatPattern/>
        <AD_Chart_ID reference="id"/>
        <AD_Column_UU>8187dcfb-a542-45fc-8f19-34d636326427</AD_Column_UU>
        <IsAllowCopy>Y</IsAllowCopy>
        <SeqNoSelection>0</SeqNoSelection>
        <IsToolbarButton>N</IsToolbarButton>
        <IsSecure>N</IsSecure>
        <FKConstraintName>HRBasicFactorType_CBPartner</FKConstraintName>
        <FKConstraintType>N</FKConstraintType>
        <PA_DashboardContent_ID reference="id"/>
        <Placeholder/>
        <IsHtml>N</IsHtml>
        <AD_Val_Rule_Lookup_ID reference="id"/>
    </AD_Column>
</idempiere>
