<?xml version="1.0" encoding="UTF-8"?><idempiere Name="AD_Rule" Version="1.0.0" idempiereVersion="8.2.0.qualifier" DataBaseVersion="2020-12-20" Description="" Author="SuperUser" AuthorEmail="" CreatedDate="Sun Jul 10 16:14:37 VET 2022" UpdatedDate="Sun Jul 10 16:14:37 VET 2022" PackOutVersion="100" UpdateDictionary="true" Client="0-SYSTEM-System" AD_Client_UU="11237b53-9592-4af1-b3c5-afd216514b5d">
    <AD_Rule type="table">
        <AD_Client_ID>0</AD_Client_ID>
        <AD_Org_ID>0</AD_Org_ID>
        <AD_Org_ID reference="id">0</AD_Org_ID>
        <Description>R70</Description>
        <Help/>
        <IsActive>Y</IsActive>
        <Name>R_MONTO_CUOTA_PRESTAMO</Name>
        <Value>beanshell:R_MONTO_CUOTA_PRESTAMO</Value>
        <EntityType>IVS</EntityType>
        <RuleType>S</RuleType>
        <EventType>H</EventType>
        <AccessLevel/>
        <Script>import org.compiere.util.DB;
import org.compiere.model.Query;
import java.sql.PreparedStatement;
import java.sql.ResultSet; 

private static final String NATIVE_MARKER = "NATIVE_PostgreSQL_KEYWORK";

String sql = " SELECT ll.amt, l.openamt - ll.amt AS openamt FROM HR_LoanLines ll "
		+ " JOIN HR_Loan l ON l.HR_Loan_ID = ll.HR_Loan_ID "
		+ " WHERE l.IsLoanActive = 'Y' AND l.DocStatus = 'CO' AND l.OpenAmt &gt; 0 "
		+ " AND l.C_BPartner_ID =" + _C_BPartner_ID + " AND l.HR_Concept_ID =" + _HR_Concept_ID
		+ " AND (ll.IsPaid IS NULL OR ll.IsPaid = 'N') AND DATE_TRUNC('day', ll.DueDate) &lt;= '" + getHR_Period().getEndDate() + "'"
		+ " ORDER BY DueDate "
                + NATIVE_MARKER
		+ "LIMIT 1"
                + NATIVE_MARKER;

  conexion = DB.prepareStatement(sql); 
  rs = conexion.executeQuery(); 

 if(rs != null) {
    if(rs.next()) {
        result = rs.getDouble(1);
        description = "Saldo " + rs.getDouble(2);
     }
 }</Script>
        <AD_Rule_UU>50cde8fd-ff54-484f-9f2b-5754bc14b686</AD_Rule_UU>
        <ctxVariable/>
    </AD_Rule>
</idempiere>
