<?xml version="1.0" encoding="UTF-8"?><idempiere Name="2Pack_5.3.0" Version="5.3.0" idempiereVersion="" DataBaseVersion="" Description="" Author="" AuthorEmail="orlando.curieles@ingeint.com" CreatedDate="2019-10-26 14:14:35.337" UpdatedDate="2019-10-26 14:14:35.337" PackOutVersion="100" UpdateDictionary="false" Client="0-SYSTEM-System" AD_Client_UU="11237b53-9592-4af1-b3c5-afd216514b5d">
    <AD_Menu type="table">
        <Parent_ID reference="id">53114</Parent_ID>
        <SeqNo>13</SeqNo>
        <AD_Client_ID>0</AD_Client_ID>
        <AD_Org_ID>0</AD_Org_ID>
        <Name>HR Payment Selection</Name>
        <Description/>
        <Action>W</Action>
        <AD_Window_ID reference="uuid" reference-key="AD_Window">eede529a-3f69-476c-8f50-4ae551da7317</AD_Window_ID>
        <AD_Workflow_ID reference="id"/>
        <AD_Task_ID reference="id"/>
        <IsActive>Y</IsActive>
        <IsSummary>N</IsSummary>
        <AD_Process_ID reference="id"/>
        <IsSOTrx>Y</IsSOTrx>
        <AD_Form_ID reference="id"/>
        <IsReadOnly>N</IsReadOnly>
        <EntityType>ING_Payroll</EntityType>
        <IsCentrallyMaintained>Y</IsCentrallyMaintained>
        <AD_Menu_UU>09b5b22b-e7f2-4519-b705-a08a210e6017</AD_Menu_UU>
        <AD_InfoWindow_ID reference="id"/>
        <AD_Menu_Trl type="translation">
            <Name>Selección de Pago Nómina</Name>
            <Description/>
            <AD_Language>es_CO</AD_Language>
            <IsActive>Y</IsActive>
            <IsTranslated>Y</IsTranslated>
        </AD_Menu_Trl>
        <AD_Menu_Trl type="translation">
            <Name>Selección de Pago Nómina</Name>
            <Description/>
            <AD_Language>es_CO</AD_Language>
            <IsActive>Y</IsActive>
            <IsTranslated>Y</IsTranslated>
        </AD_Menu_Trl>
        <AD_Column type="table">
            <IsSyncDatabase>Y</IsSyncDatabase>
            <AD_Table_ID reference="uuid" reference-key="AD_Table">968a920b-8ff6-4a3e-afcf-5f9ce10d546d</AD_Table_ID>
            <AD_Reference_Value_ID reference="id"/>
            <AD_Client_ID>0</AD_Client_ID>
            <AD_Org_ID>0</AD_Org_ID>
            <Version>0</Version>
            <Name>Routing No</Name>
            <Description>Bank Routing Number</Description>
            <Help>The Bank Routing Number (ABA Number) identifies a legal Bank.  It is used in routing checks and electronic transactions.</Help>
            <AD_Val_Rule_ID reference="id"/>
            <ColumnName>RoutingNo</ColumnName>
            <DefaultValue/>
            <FieldLength>20</FieldLength>
            <IsKey>N</IsKey>
            <IsParent>N</IsParent>
            <IsMandatory>N</IsMandatory>
            <IsTranslated>N</IsTranslated>
            <IsIdentifier>N</IsIdentifier>
            <SeqNo>0</SeqNo>
            <IsEncrypted>N</IsEncrypted>
            <AD_Reference_ID reference="id">10</AD_Reference_ID>
            <IsActive>Y</IsActive>
            <VFormat/>
            <Callout/>
            <AD_Element_ID reference="id">964</AD_Element_ID>
            <IsUpdateable>Y</IsUpdateable>
            <AD_Process_ID reference="id"/>
            <ValueMin/>
            <ValueMax/>
            <IsSelectionColumn>N</IsSelectionColumn>
            <ReadOnlyLogic/>
            <EntityType>ING_Payroll</EntityType>
            <IsAlwaysUpdateable>N</IsAlwaysUpdateable>
            <ColumnSQL/>
            <MandatoryLogic/>
            <IsAutocomplete>N</IsAutocomplete>
            <IsAllowLogging>Y</IsAllowLogging>
            <FormatPattern/>
            <AD_Chart_ID reference="id"/>
            <AD_Column_UU>d0354466-c375-490a-8471-447de0893c01</AD_Column_UU>
            <IsAllowCopy>Y</IsAllowCopy>
            <SeqNoSelection>0</SeqNoSelection>
            <IsToolbarButton>N</IsToolbarButton>
            <IsSecure>N</IsSecure>
            <FKConstraintName/>
            <FKConstraintType>N</FKConstraintType>
            <PA_DashboardContent_ID reference="id"/>
        </AD_Column>
        <AD_Field type="table">
            <AD_Client_ID>0</AD_Client_ID>
            <AD_Org_ID>0</AD_Org_ID>
            <Name>Routing No</Name>
            <Description>Bank Routing Number</Description>
            <Help>The Bank Routing Number (ABA Number) identifies a legal Bank.  It is used in routing checks and electronic transactions.</Help>
            <AD_Tab_ID reference="uuid" reference-key="AD_Tab">c73c9ce7-f23e-4ed0-bdba-3fee775911a8</AD_Tab_ID>
            <AD_Column_ID reference="uuid" reference-key="AD_Column">d0354466-c375-490a-8471-447de0893c01</AD_Column_ID>
            <IsDisplayed>Y</IsDisplayed>
            <DisplayLogic/>
            <DisplayLength>20</DisplayLength>
            <SeqNo>100</SeqNo>
            <SortNo/>
            <IsSameLine>N</IsSameLine>
            <IsHeading>N</IsHeading>
            <IsFieldOnly>N</IsFieldOnly>
            <IsEncrypted>N</IsEncrypted>
            <IsActive>Y</IsActive>
            <IsReadOnly>N</IsReadOnly>
            <IsCentrallyMaintained>Y</IsCentrallyMaintained>
            <AD_FieldGroup_ID reference="id"/>
            <EntityType>ING_Payroll</EntityType>
            <ObscureType/>
            <AD_Reference_ID reference="id"/>
            <IsMandatory/>
            <DefaultValue/>
            <AD_Reference_Value_ID reference="id"/>
            <AD_Val_Rule_ID reference="id"/>
            <Included_Tab_ID reference="id"/>
            <AD_Field_UU>b8977a44-5686-442e-ab85-fc1492387fef</AD_Field_UU>
            <IsAllowCopy/>
            <IsDisplayedGrid>Y</IsDisplayedGrid>
            <SeqNoGrid>250</SeqNoGrid>
            <XPosition>4</XPosition>
            <ColumnSpan>2</ColumnSpan>
            <NumLines>1</NumLines>
            <IsQuickEntry>N</IsQuickEntry>
            <IsUpdateable/>
            <IsAlwaysUpdateable/>
            <MandatoryLogic/>
            <ReadOnlyLogic/>
            <IsToolbarButton/>
            <IsDefaultFocus>N</IsDefaultFocus>
            <IsAdvancedField>N</IsAdvancedField>
            <VFormat/>
            <AD_LabelStyle_ID reference="id"/>
            <AD_FieldStyle_ID reference="id"/>
            <AD_Field_Trl type="translation">
                <Help>El número de ruta del banco (Número ABA) identifica un banco legal. Se usa en ruteo de cheques y transacciones electrónicas.</Help>
                <Description>Número de sucursal bancaria</Description>
                <Name>No. Autorización</Name>
                <AD_Language>es_CO</AD_Language>
                <IsActive>Y</IsActive>
                <IsTranslated>Y</IsTranslated>
            </AD_Field_Trl>
            <AD_Field_Trl type="translation">
                <Help>El número de ruta del banco (Número ABA) identifica un banco legal. Se usa en ruteo de cheques y transacciones electrónicas.</Help>
                <Description>Número de sucursal bancaria</Description>
                <Name>No. Autorización</Name>
                <AD_Language>es_CO</AD_Language>
                <IsActive>Y</IsActive>
                <IsTranslated>Y</IsTranslated>
            </AD_Field_Trl>
        </AD_Field>
        <AD_Field type="table">
            <AD_Client_ID>0</AD_Client_ID>
            <AD_Org_ID>0</AD_Org_ID>
            <Name>Payroll Department</Name>
            <Description/>
            <Help/>
            <AD_Tab_ID reference="uuid" reference-key="AD_Tab">c73c9ce7-f23e-4ed0-bdba-3fee775911a8</AD_Tab_ID>
            <AD_Column_ID reference="uuid" reference-key="AD_Column">9238d397-3dc5-403a-ad33-9cc959d7c0d9</AD_Column_ID>
            <IsDisplayed>Y</IsDisplayed>
            <DisplayLogic/>
            <DisplayLength>10</DisplayLength>
            <SeqNo>110</SeqNo>
            <SortNo/>
            <IsSameLine>N</IsSameLine>
            <IsHeading>N</IsHeading>
            <IsFieldOnly>N</IsFieldOnly>
            <IsEncrypted>N</IsEncrypted>
            <IsActive>Y</IsActive>
            <IsReadOnly>N</IsReadOnly>
            <IsCentrallyMaintained>Y</IsCentrallyMaintained>
            <AD_FieldGroup_ID reference="id">50006</AD_FieldGroup_ID>
            <EntityType>ING_Payroll</EntityType>
            <ObscureType/>
            <AD_Reference_ID reference="id"/>
            <IsMandatory/>
            <DefaultValue/>
            <AD_Reference_Value_ID reference="id"/>
            <AD_Val_Rule_ID reference="id"/>
            <Included_Tab_ID reference="id"/>
            <AD_Field_UU>a4ce2327-5806-41f1-9ff3-f6e65cf1a327</AD_Field_UU>
            <IsAllowCopy/>
            <IsDisplayedGrid>Y</IsDisplayedGrid>
            <SeqNoGrid>60</SeqNoGrid>
            <XPosition>1</XPosition>
            <ColumnSpan>2</ColumnSpan>
            <NumLines>1</NumLines>
            <IsQuickEntry>N</IsQuickEntry>
            <IsUpdateable/>
            <IsAlwaysUpdateable/>
            <MandatoryLogic/>
            <ReadOnlyLogic/>
            <IsToolbarButton/>
            <IsDefaultFocus>N</IsDefaultFocus>
            <IsAdvancedField>N</IsAdvancedField>
            <VFormat/>
            <AD_LabelStyle_ID reference="id"/>
            <AD_FieldStyle_ID reference="id"/>
            <AD_Field_Trl type="translation">
                <Help/>
                <Description/>
                <Name>Departamento Nómina</Name>
                <AD_Language>es_CO</AD_Language>
                <IsActive>Y</IsActive>
                <IsTranslated>Y</IsTranslated>
            </AD_Field_Trl>
            <AD_Field_Trl type="translation">
                <Help/>
                <Description/>
                <Name>Departamento Nómina</Name>
                <AD_Language>es_CO</AD_Language>
                <IsActive>Y</IsActive>
                <IsTranslated>Y</IsTranslated>
            </AD_Field_Trl>
        </AD_Field>
        <AD_Field type="table">
            <AD_Client_ID>0</AD_Client_ID>
            <AD_Org_ID>0</AD_Org_ID>
            <Name>Payroll Job</Name>
            <Description/>
            <Help/>
            <AD_Tab_ID reference="uuid" reference-key="AD_Tab">c73c9ce7-f23e-4ed0-bdba-3fee775911a8</AD_Tab_ID>
            <AD_Column_ID reference="uuid" reference-key="AD_Column">65d5f829-ab90-4a3a-9a35-9e9e8a85355b</AD_Column_ID>
            <IsDisplayed>Y</IsDisplayed>
            <DisplayLogic/>
            <DisplayLength>10</DisplayLength>
            <SeqNo>120</SeqNo>
            <SortNo/>
            <IsSameLine>N</IsSameLine>
            <IsHeading>N</IsHeading>
            <IsFieldOnly>N</IsFieldOnly>
            <IsEncrypted>N</IsEncrypted>
            <IsActive>Y</IsActive>
            <IsReadOnly>N</IsReadOnly>
            <IsCentrallyMaintained>Y</IsCentrallyMaintained>
            <AD_FieldGroup_ID reference="id"/>
            <EntityType>ING_Payroll</EntityType>
            <ObscureType/>
            <AD_Reference_ID reference="id"/>
            <IsMandatory/>
            <DefaultValue/>
            <AD_Reference_Value_ID reference="id"/>
            <AD_Val_Rule_ID reference="id"/>
            <Included_Tab_ID reference="id"/>
            <AD_Field_UU>b03c0721-6231-4ede-b68f-f8c9d8b54219</AD_Field_UU>
            <IsAllowCopy/>
            <IsDisplayedGrid>Y</IsDisplayedGrid>
            <SeqNoGrid>70</SeqNoGrid>
            <XPosition>4</XPosition>
            <ColumnSpan>2</ColumnSpan>
            <NumLines>1</NumLines>
            <IsQuickEntry>N</IsQuickEntry>
            <IsUpdateable/>
            <IsAlwaysUpdateable/>
            <MandatoryLogic/>
            <ReadOnlyLogic/>
            <IsToolbarButton/>
            <IsDefaultFocus>N</IsDefaultFocus>
            <IsAdvancedField>N</IsAdvancedField>
            <VFormat/>
            <AD_LabelStyle_ID reference="id"/>
            <AD_FieldStyle_ID reference="id"/>
            <AD_Field_Trl type="translation">
                <Help/>
                <Description/>
                <Name>Puesto Nómina</Name>
                <AD_Language>es_CO</AD_Language>
                <IsActive>Y</IsActive>
                <IsTranslated>Y</IsTranslated>
            </AD_Field_Trl>
            <AD_Field_Trl type="translation">
                <Help/>
                <Description/>
                <Name>Puesto Nómina</Name>
                <AD_Language>es_CO</AD_Language>
                <IsActive>Y</IsActive>
                <IsTranslated>Y</IsTranslated>
            </AD_Field_Trl>
        </AD_Field>
        <AD_Field type="table">
            <AD_Client_ID>0</AD_Client_ID>
            <AD_Org_ID>0</AD_Org_ID>
            <Name>Business Partner </Name>
            <Description>Identifies a Business Partner</Description>
            <Help>A Business Partner is anyone with whom you transact.  This can include Vendor, Customer, Employee or Salesperson</Help>
            <AD_Tab_ID reference="uuid" reference-key="AD_Tab">c73c9ce7-f23e-4ed0-bdba-3fee775911a8</AD_Tab_ID>
            <AD_Column_ID reference="uuid" reference-key="AD_Column">0376be63-4080-42f2-9c39-47089b9368e5</AD_Column_ID>
            <IsDisplayed>Y</IsDisplayed>
            <DisplayLogic/>
            <DisplayLength>22</DisplayLength>
            <SeqNo>130</SeqNo>
            <SortNo/>
            <IsSameLine>N</IsSameLine>
            <IsHeading>N</IsHeading>
            <IsFieldOnly>N</IsFieldOnly>
            <IsEncrypted>N</IsEncrypted>
            <IsActive>Y</IsActive>
            <IsReadOnly>N</IsReadOnly>
            <IsCentrallyMaintained>Y</IsCentrallyMaintained>
            <AD_FieldGroup_ID reference="id"/>
            <EntityType>ING_Payroll</EntityType>
            <ObscureType/>
            <AD_Reference_ID reference="id"/>
            <IsMandatory/>
            <DefaultValue/>
            <AD_Reference_Value_ID reference="id"/>
            <AD_Val_Rule_ID reference="id"/>
            <Included_Tab_ID reference="id"/>
            <AD_Field_UU>34ba5cec-6636-4822-a2a9-ff26f12398a2</AD_Field_UU>
            <IsAllowCopy/>
            <IsDisplayedGrid>Y</IsDisplayedGrid>
            <SeqNoGrid>80</SeqNoGrid>
            <XPosition>1</XPosition>
            <ColumnSpan>2</ColumnSpan>
            <NumLines>1</NumLines>
            <IsQuickEntry>N</IsQuickEntry>
            <IsUpdateable/>
            <IsAlwaysUpdateable/>
            <MandatoryLogic/>
            <ReadOnlyLogic/>
            <IsToolbarButton/>
            <IsDefaultFocus>N</IsDefaultFocus>
            <IsAdvancedField>N</IsAdvancedField>
            <VFormat/>
            <AD_LabelStyle_ID reference="id"/>
            <AD_FieldStyle_ID reference="id"/>
            <AD_Field_Trl type="translation">
                <Help>Un tercero es cualquiera con quien usted realiza transacciones. Este puede incluir Proveedores, Clientes, Empleados o Vendedores.</Help>
                <Description>Identifica un Tercero</Description>
                <Name>Tercero</Name>
                <AD_Language>es_CO</AD_Language>
                <IsActive>Y</IsActive>
                <IsTranslated>Y</IsTranslated>
            </AD_Field_Trl>
            <AD_Field_Trl type="translation">
                <Help>Un tercero es cualquiera con quien usted realiza transacciones. Este puede incluir Proveedores, Clientes, Empleados o Vendedores.</Help>
                <Description>Identifica un Tercero</Description>
                <Name>Tercero</Name>
                <AD_Language>es_CO</AD_Language>
                <IsActive>Y</IsActive>
                <IsTranslated>Y</IsTranslated>
            </AD_Field_Trl>
        </AD_Field>
        <AD_Field type="table">
            <AD_Client_ID>0</AD_Client_ID>
            <AD_Org_ID>0</AD_Org_ID>
            <Name>Total Amount</Name>
            <Description>Total Amount</Description>
            <Help>The Total Amount indicates the total document amount.</Help>
            <AD_Tab_ID reference="uuid" reference-key="AD_Tab">c73c9ce7-f23e-4ed0-bdba-3fee775911a8</AD_Tab_ID>
            <AD_Column_ID reference="uuid" reference-key="AD_Column">0e8eb743-3246-4ff4-b54a-b54b82aa0cba</AD_Column_ID>
            <IsDisplayed>Y</IsDisplayed>
            <DisplayLogic/>
            <DisplayLength>22</DisplayLength>
            <SeqNo>140</SeqNo>
            <SortNo/>
            <IsSameLine>N</IsSameLine>
            <IsHeading>N</IsHeading>
            <IsFieldOnly>N</IsFieldOnly>
            <IsEncrypted>N</IsEncrypted>
            <IsActive>Y</IsActive>
            <IsReadOnly>N</IsReadOnly>
            <IsCentrallyMaintained>N</IsCentrallyMaintained>
            <AD_FieldGroup_ID reference="id"/>
            <EntityType>ING_Payroll</EntityType>
            <ObscureType/>
            <AD_Reference_ID reference="id"/>
            <IsMandatory/>
            <DefaultValue/>
            <AD_Reference_Value_ID reference="id"/>
            <AD_Val_Rule_ID reference="id"/>
            <Included_Tab_ID reference="id"/>
            <AD_Field_UU>b45c5c6f-6c71-4739-a1f6-cc6a897629f5</AD_Field_UU>
            <IsAllowCopy/>
            <IsDisplayedGrid>Y</IsDisplayedGrid>
            <SeqNoGrid>170</SeqNoGrid>
            <XPosition>4</XPosition>
            <ColumnSpan>2</ColumnSpan>
            <NumLines>1</NumLines>
            <IsQuickEntry>N</IsQuickEntry>
            <IsUpdateable/>
            <IsAlwaysUpdateable/>
            <MandatoryLogic/>
            <ReadOnlyLogic/>
            <IsToolbarButton/>
            <IsDefaultFocus>N</IsDefaultFocus>
            <IsAdvancedField>N</IsAdvancedField>
            <VFormat/>
            <AD_LabelStyle_ID reference="id"/>
            <AD_FieldStyle_ID reference="id"/>
            <AD_Field_Trl type="translation">
                <Help>The Total Amount indicates the total document amount.</Help>
                <Description>Total Amount</Description>
                <Name>Total Amount</Name>
                <AD_Language>es_CO</AD_Language>
                <IsActive>Y</IsActive>
                <IsTranslated>N</IsTranslated>
            </AD_Field_Trl>
            <AD_Field_Trl type="translation">
                <Help>Indica el total total del documento</Help>
                <Description>Total Proceso Nómina</Description>
                <Name>Total Proceso Nómina</Name>
                <AD_Language>es_CO</AD_Language>
                <IsActive>Y</IsActive>
                <IsTranslated>Y</IsTranslated>
            </AD_Field_Trl>
        </AD_Field>
        <AD_Field type="table">
            <AD_Client_ID>0</AD_Client_ID>
            <AD_Org_ID>0</AD_Org_ID>
            <Name>EmployeeGroup</Name>
            <Description/>
            <Help/>
            <AD_Tab_ID reference="uuid" reference-key="AD_Tab">c73c9ce7-f23e-4ed0-bdba-3fee775911a8</AD_Tab_ID>
            <AD_Column_ID reference="uuid" reference-key="AD_Column">7fee42e0-1e05-47b4-bdf5-e7bec7a9cf00</AD_Column_ID>
            <IsDisplayed>Y</IsDisplayed>
            <DisplayLogic/>
            <DisplayLength>2</DisplayLength>
            <SeqNo>150</SeqNo>
            <SortNo/>
            <IsSameLine>N</IsSameLine>
            <IsHeading>N</IsHeading>
            <IsFieldOnly>N</IsFieldOnly>
            <IsEncrypted>N</IsEncrypted>
            <IsActive>Y</IsActive>
            <IsReadOnly>N</IsReadOnly>
            <IsCentrallyMaintained>Y</IsCentrallyMaintained>
            <AD_FieldGroup_ID reference="id"/>
            <EntityType>ING_Payroll</EntityType>
            <ObscureType/>
            <AD_Reference_ID reference="id"/>
            <IsMandatory/>
            <DefaultValue/>
            <AD_Reference_Value_ID reference="id"/>
            <AD_Val_Rule_ID reference="id"/>
            <Included_Tab_ID reference="id"/>
            <AD_Field_UU>916cbf0f-7d4a-41f6-b8e0-708cb78ec0b6</AD_Field_UU>
            <IsAllowCopy/>
            <IsDisplayedGrid>Y</IsDisplayedGrid>
            <SeqNoGrid>240</SeqNoGrid>
            <XPosition>1</XPosition>
            <ColumnSpan>2</ColumnSpan>
            <NumLines>1</NumLines>
            <IsQuickEntry>N</IsQuickEntry>
            <IsUpdateable/>
            <IsAlwaysUpdateable/>
            <MandatoryLogic/>
            <ReadOnlyLogic/>
            <IsToolbarButton/>
            <IsDefaultFocus>N</IsDefaultFocus>
            <IsAdvancedField>N</IsAdvancedField>
            <VFormat/>
            <AD_LabelStyle_ID reference="id"/>
            <AD_FieldStyle_ID reference="id"/>
            <AD_Field_Trl type="translation">
                <Help/>
                <Description/>
                <Name>Grupo Empleado</Name>
                <AD_Language>es_CO</AD_Language>
                <IsActive>Y</IsActive>
                <IsTranslated>N</IsTranslated>
            </AD_Field_Trl>
            <AD_Field_Trl type="translation">
                <Help/>
                <Description/>
                <Name>Grupo Empleado</Name>
                <AD_Language>es_CO</AD_Language>
                <IsActive>Y</IsActive>
                <IsTranslated>Y</IsTranslated>
            </AD_Field_Trl>
        </AD_Field>
        <AD_Field type="table">
            <AD_Client_ID>0</AD_Client_ID>
            <AD_Org_ID>0</AD_Org_ID>
            <Name>Total Lines</Name>
            <Description>Total of all document lines</Description>
            <Help>The Total amount displays the total of all lines in document currency</Help>
            <AD_Tab_ID reference="uuid" reference-key="AD_Tab">c73c9ce7-f23e-4ed0-bdba-3fee775911a8</AD_Tab_ID>
            <AD_Column_ID reference="uuid" reference-key="AD_Column">e4f90f4e-94db-4f25-ae1a-c83c5e5f1d0c</AD_Column_ID>
            <IsDisplayed>Y</IsDisplayed>
            <DisplayLogic/>
            <DisplayLength>22</DisplayLength>
            <SeqNo>160</SeqNo>
            <SortNo/>
            <IsSameLine>N</IsSameLine>
            <IsHeading>N</IsHeading>
            <IsFieldOnly>N</IsFieldOnly>
            <IsEncrypted>N</IsEncrypted>
            <IsActive>Y</IsActive>
            <IsReadOnly>N</IsReadOnly>
            <IsCentrallyMaintained>Y</IsCentrallyMaintained>
            <AD_FieldGroup_ID reference="id"/>
            <EntityType>ING_Payroll</EntityType>
            <ObscureType/>
            <AD_Reference_ID reference="id"/>
            <IsMandatory/>
            <DefaultValue/>
            <AD_Reference_Value_ID reference="id"/>
            <AD_Val_Rule_ID reference="id"/>
            <Included_Tab_ID reference="id"/>
            <AD_Field_UU>d580d780-807c-4d45-9c40-ab87508971a4</AD_Field_UU>
            <IsAllowCopy/>
            <IsDisplayedGrid>Y</IsDisplayedGrid>
            <SeqNoGrid>180</SeqNoGrid>
            <XPosition>4</XPosition>
            <ColumnSpan>2</ColumnSpan>
            <NumLines>1</NumLines>
            <IsQuickEntry>N</IsQuickEntry>
            <IsUpdateable/>
            <IsAlwaysUpdateable/>
            <MandatoryLogic/>
            <ReadOnlyLogic/>
            <IsToolbarButton/>
            <IsDefaultFocus>N</IsDefaultFocus>
            <IsAdvancedField>N</IsAdvancedField>
            <VFormat/>
            <AD_LabelStyle_ID reference="id"/>
            <AD_FieldStyle_ID reference="id"/>
            <AD_Field_Trl type="translation">
                <Help>El Total total despliega el total de todas las líneas en la moneda del documento</Help>
                <Description>Total de todas las líneas del documento</Description>
                <Name>Total de Líneas</Name>
                <AD_Language>es_CO</AD_Language>
                <IsActive>Y</IsActive>
                <IsTranslated>Y</IsTranslated>
            </AD_Field_Trl>
            <AD_Field_Trl type="translation">
                <Help>El Total total despliega el total de todas las líneas en la moneda del documento</Help>
                <Description>Total de todas las líneas del documento</Description>
                <Name>Total de Líneas</Name>
                <AD_Language>es_CO</AD_Language>
                <IsActive>Y</IsActive>
                <IsTranslated>Y</IsTranslated>
            </AD_Field_Trl>
        </AD_Field>
        <AD_Field type="table">
            <AD_Client_ID>0</AD_Client_ID>
            <AD_Org_ID>0</AD_Org_ID>
            <Name>Comment/Help</Name>
            <Description>Comment or Hint</Description>
            <Help>The Help field contains a hint, comment or help about the use of this item.</Help>
            <AD_Tab_ID reference="uuid" reference-key="AD_Tab">c73c9ce7-f23e-4ed0-bdba-3fee775911a8</AD_Tab_ID>
            <AD_Column_ID reference="uuid" reference-key="AD_Column">bfde7fc1-8708-48f6-ad61-510e1b8fc215</AD_Column_ID>
            <IsDisplayed>Y</IsDisplayed>
            <DisplayLogic/>
            <DisplayLength>2000</DisplayLength>
            <SeqNo>170</SeqNo>
            <SortNo/>
            <IsSameLine>N</IsSameLine>
            <IsHeading>N</IsHeading>
            <IsFieldOnly>N</IsFieldOnly>
            <IsEncrypted>N</IsEncrypted>
            <IsActive>Y</IsActive>
            <IsReadOnly>N</IsReadOnly>
            <IsCentrallyMaintained>Y</IsCentrallyMaintained>
            <AD_FieldGroup_ID reference="id"/>
            <EntityType>ING_Payroll</EntityType>
            <ObscureType/>
            <AD_Reference_ID reference="id"/>
            <IsMandatory/>
            <DefaultValue/>
            <AD_Reference_Value_ID reference="id"/>
            <AD_Val_Rule_ID reference="id"/>
            <Included_Tab_ID reference="id"/>
            <AD_Field_UU>643d44bc-a196-4b16-9796-2a5bbb995d93</AD_Field_UU>
            <IsAllowCopy/>
            <IsDisplayedGrid>Y</IsDisplayedGrid>
            <SeqNoGrid>30</SeqNoGrid>
            <XPosition>1</XPosition>
            <ColumnSpan>5</ColumnSpan>
            <NumLines>3</NumLines>
            <IsQuickEntry>N</IsQuickEntry>
            <IsUpdateable/>
            <IsAlwaysUpdateable/>
            <MandatoryLogic/>
            <ReadOnlyLogic/>
            <IsToolbarButton/>
            <IsDefaultFocus>N</IsDefaultFocus>
            <IsAdvancedField>N</IsAdvancedField>
            <VFormat/>
            <AD_LabelStyle_ID reference="id"/>
            <AD_FieldStyle_ID reference="id"/>
            <AD_Field_Trl type="translation">
                <Help>El campo ayuda contiene una sugerencia; comentario o ayuda acerca del uso de esta partida</Help>
                <Description>Ayuda; Comentario o Sugerencia</Description>
                <Name>Ayuda</Name>
                <AD_Language>es_CO</AD_Language>
                <IsActive>Y</IsActive>
                <IsTranslated>Y</IsTranslated>
            </AD_Field_Trl>
            <AD_Field_Trl type="translation">
                <Help>El campo ayuda contiene una sugerencia; comentario o ayuda acerca del uso de esta partida</Help>
                <Description>Ayuda; Comentario o Sugerencia</Description>
                <Name>Ayuda</Name>
                <AD_Language>es_CO</AD_Language>
                <IsActive>Y</IsActive>
                <IsTranslated>Y</IsTranslated>
            </AD_Field_Trl>
        </AD_Field>
        <AD_Field type="table">
            <AD_Client_ID>0</AD_Client_ID>
            <AD_Org_ID>0</AD_Org_ID>
            <Name>PaymentSelection HR</Name>
            <Description/>
            <Help/>
            <AD_Tab_ID reference="uuid" reference-key="AD_Tab">c73c9ce7-f23e-4ed0-bdba-3fee775911a8</AD_Tab_ID>
            <AD_Column_ID reference="uuid" reference-key="AD_Column">d03bf93b-d75e-42c2-b700-17a02cd70762</AD_Column_ID>
            <IsDisplayed>Y</IsDisplayed>
            <DisplayLogic/>
            <DisplayLength>1</DisplayLength>
            <SeqNo>180</SeqNo>
            <SortNo/>
            <IsSameLine>N</IsSameLine>
            <IsHeading>N</IsHeading>
            <IsFieldOnly>N</IsFieldOnly>
            <IsEncrypted>N</IsEncrypted>
            <IsActive>Y</IsActive>
            <IsReadOnly>N</IsReadOnly>
            <IsCentrallyMaintained>Y</IsCentrallyMaintained>
            <AD_FieldGroup_ID reference="id">114</AD_FieldGroup_ID>
            <EntityType>ING_Payroll</EntityType>
            <ObscureType/>
            <AD_Reference_ID reference="id"/>
            <IsMandatory/>
            <DefaultValue/>
            <AD_Reference_Value_ID reference="id"/>
            <AD_Val_Rule_ID reference="id"/>
            <Included_Tab_ID reference="id"/>
            <AD_Field_UU>35679190-1877-4d15-abae-41f37e189498</AD_Field_UU>
            <IsAllowCopy/>
            <IsDisplayedGrid>Y</IsDisplayedGrid>
            <SeqNoGrid>160</SeqNoGrid>
            <XPosition>2</XPosition>
            <ColumnSpan>2</ColumnSpan>
            <NumLines>1</NumLines>
            <IsQuickEntry>N</IsQuickEntry>
            <IsUpdateable/>
            <IsAlwaysUpdateable/>
            <MandatoryLogic/>
            <ReadOnlyLogic/>
            <IsToolbarButton/>
            <IsDefaultFocus>N</IsDefaultFocus>
            <IsAdvancedField>N</IsAdvancedField>
            <VFormat/>
            <AD_LabelStyle_ID reference="id"/>
            <AD_FieldStyle_ID reference="id"/>
            <AD_Field_Trl type="translation">
                <Help/>
                <Description/>
                <Name>PaymentSelection HR</Name>
                <AD_Language>es_CO</AD_Language>
                <IsActive>Y</IsActive>
                <IsTranslated>N</IsTranslated>
            </AD_Field_Trl>
            <AD_Field_Trl type="translation">
                <Help/>
                <Description/>
                <Name>Generar Lineas Selección</Name>
                <AD_Language>es_CO</AD_Language>
                <IsActive>Y</IsActive>
                <IsTranslated>N</IsTranslated>
            </AD_Field_Trl>
        </AD_Field>
        <AD_Field type="table">
            <AD_Client_ID>0</AD_Client_ID>
            <AD_Org_ID>0</AD_Org_ID>
            <Name>Process_PaymentSelPayroll</Name>
            <Description/>
            <Help/>
            <AD_Tab_ID reference="uuid" reference-key="AD_Tab">c73c9ce7-f23e-4ed0-bdba-3fee775911a8</AD_Tab_ID>
            <AD_Column_ID reference="uuid" reference-key="AD_Column">cf2ca3c3-3e02-4434-bd76-8deba8f0c605</AD_Column_ID>
            <IsDisplayed>Y</IsDisplayed>
            <DisplayLogic/>
            <DisplayLength>2</DisplayLength>
            <SeqNo>190</SeqNo>
            <SortNo/>
            <IsSameLine>N</IsSameLine>
            <IsHeading>N</IsHeading>
            <IsFieldOnly>N</IsFieldOnly>
            <IsEncrypted>N</IsEncrypted>
            <IsActive>Y</IsActive>
            <IsReadOnly>N</IsReadOnly>
            <IsCentrallyMaintained>Y</IsCentrallyMaintained>
            <AD_FieldGroup_ID reference="id">114</AD_FieldGroup_ID>
            <EntityType>ING_Payroll</EntityType>
            <ObscureType/>
            <AD_Reference_ID reference="id"/>
            <IsMandatory/>
            <DefaultValue/>
            <AD_Reference_Value_ID reference="id"/>
            <AD_Val_Rule_ID reference="id"/>
            <Included_Tab_ID reference="id"/>
            <AD_Field_UU>24b60bf1-2f52-4b30-bbc9-e392011ed206</AD_Field_UU>
            <IsAllowCopy/>
            <IsDisplayedGrid>Y</IsDisplayedGrid>
            <SeqNoGrid>130</SeqNoGrid>
            <XPosition>5</XPosition>
            <ColumnSpan>2</ColumnSpan>
            <NumLines>1</NumLines>
            <IsQuickEntry>N</IsQuickEntry>
            <IsUpdateable/>
            <IsAlwaysUpdateable/>
            <MandatoryLogic/>
            <ReadOnlyLogic/>
            <IsToolbarButton/>
            <IsDefaultFocus>N</IsDefaultFocus>
            <IsAdvancedField>N</IsAdvancedField>
            <VFormat/>
            <AD_LabelStyle_ID reference="id"/>
            <AD_FieldStyle_ID reference="id"/>
            <AD_Field_Trl type="translation">
                <Help/>
                <Description/>
                <Name>Process_PaymentSelPayroll</Name>
                <AD_Language>es_CO</AD_Language>
                <IsActive>Y</IsActive>
                <IsTranslated>N</IsTranslated>
            </AD_Field_Trl>
            <AD_Field_Trl type="translation">
                <Help/>
                <Description/>
                <Name>Procesar selección de pago nómina</Name>
                <AD_Language>es_CO</AD_Language>
                <IsActive>Y</IsActive>
                <IsTranslated>Y</IsTranslated>
            </AD_Field_Trl>
        </AD_Field>
        <AD_Field type="table">
            <AD_Client_ID>0</AD_Client_ID>
            <AD_Org_ID>0</AD_Org_ID>
            <Name>Document Status</Name>
            <Description>The current status of the document</Description>
            <Help>The Document Status indicates the status of a document at this time.  If you want to change the document status, use the Document Action field</Help>
            <AD_Tab_ID reference="uuid" reference-key="AD_Tab">c73c9ce7-f23e-4ed0-bdba-3fee775911a8</AD_Tab_ID>
            <AD_Column_ID reference="uuid" reference-key="AD_Column">8a331a50-d03b-4608-8498-6582120ed1da</AD_Column_ID>
            <IsDisplayed>Y</IsDisplayed>
            <DisplayLogic/>
            <DisplayLength>2</DisplayLength>
            <SeqNo>200</SeqNo>
            <SortNo/>
            <IsSameLine>N</IsSameLine>
            <IsHeading>N</IsHeading>
            <IsFieldOnly>N</IsFieldOnly>
            <IsEncrypted>N</IsEncrypted>
            <IsActive>Y</IsActive>
            <IsReadOnly>Y</IsReadOnly>
            <IsCentrallyMaintained>Y</IsCentrallyMaintained>
            <AD_FieldGroup_ID reference="id">114</AD_FieldGroup_ID>
            <EntityType>ING_Payroll</EntityType>
            <ObscureType/>
            <AD_Reference_ID reference="id"/>
            <IsMandatory/>
            <DefaultValue/>
            <AD_Reference_Value_ID reference="id"/>
            <AD_Val_Rule_ID reference="id"/>
            <Included_Tab_ID reference="id"/>
            <AD_Field_UU>ea3a2ec6-9040-4f85-bdb2-713e2b23fe5d</AD_Field_UU>
            <IsAllowCopy/>
            <IsDisplayedGrid>Y</IsDisplayedGrid>
            <SeqNoGrid>140</SeqNoGrid>
            <XPosition>1</XPosition>
            <ColumnSpan>2</ColumnSpan>
            <NumLines>1</NumLines>
            <IsQuickEntry>N</IsQuickEntry>
            <IsUpdateable>Y</IsUpdateable>
            <IsAlwaysUpdateable/>
            <MandatoryLogic/>
            <ReadOnlyLogic/>
            <IsToolbarButton/>
            <IsDefaultFocus>N</IsDefaultFocus>
            <IsAdvancedField>N</IsAdvancedField>
            <VFormat/>
            <AD_LabelStyle_ID reference="id"/>
            <AD_FieldStyle_ID reference="id"/>
            <AD_Field_Trl type="translation">
                <Help>El estado del documento indica el estado del documento en este momento. Si usted quiere cambiar el estado de Documento; use el campo acción de documento</Help>
                <Description>El estado actual del documento</Description>
                <Name>Estado del Documento</Name>
                <AD_Language>es_CO</AD_Language>
                <IsActive>Y</IsActive>
                <IsTranslated>Y</IsTranslated>
            </AD_Field_Trl>
            <AD_Field_Trl type="translation">
                <Help>El estado del documento indica el estado del documento en este momento. Si usted quiere cambiar el estado de Documento; use el campo acción de documento</Help>
                <Description>El estado actual del documento</Description>
                <Name>Estado del Documento</Name>
                <AD_Language>es_CO</AD_Language>
                <IsActive>Y</IsActive>
                <IsTranslated>Y</IsTranslated>
            </AD_Field_Trl>
        </AD_Field>
        <AD_Field type="table">
            <AD_Client_ID>0</AD_Client_ID>
            <AD_Org_ID>0</AD_Org_ID>
            <Name>Document Type</Name>
            <Description>Document type or rules</Description>
            <Help>The Document Type determines document sequence and processing rules</Help>
            <AD_Tab_ID reference="uuid" reference-key="AD_Tab">c73c9ce7-f23e-4ed0-bdba-3fee775911a8</AD_Tab_ID>
            <AD_Column_ID reference="uuid" reference-key="AD_Column">42489226-9b5a-4aec-98fd-9a7dd7395b72</AD_Column_ID>
            <IsDisplayed>Y</IsDisplayed>
            <DisplayLogic/>
            <DisplayLength>22</DisplayLength>
            <SeqNo>210</SeqNo>
            <SortNo/>
            <IsSameLine>N</IsSameLine>
            <IsHeading>N</IsHeading>
            <IsFieldOnly>N</IsFieldOnly>
            <IsEncrypted>N</IsEncrypted>
            <IsActive>Y</IsActive>
            <IsReadOnly>Y</IsReadOnly>
            <IsCentrallyMaintained>Y</IsCentrallyMaintained>
            <AD_FieldGroup_ID reference="id"/>
            <EntityType>ING_Payroll</EntityType>
            <ObscureType/>
            <AD_Reference_ID reference="id"/>
            <IsMandatory/>
            <DefaultValue/>
            <AD_Reference_Value_ID reference="id"/>
            <AD_Val_Rule_ID reference="id"/>
            <Included_Tab_ID reference="id"/>
            <AD_Field_UU>ee20e963-75e9-4710-bbf7-bab884566d50</AD_Field_UU>
            <IsAllowCopy/>
            <IsDisplayedGrid>Y</IsDisplayedGrid>
            <SeqNoGrid>100</SeqNoGrid>
            <XPosition>4</XPosition>
            <ColumnSpan>2</ColumnSpan>
            <NumLines>1</NumLines>
            <IsQuickEntry>N</IsQuickEntry>
            <IsUpdateable/>
            <IsAlwaysUpdateable/>
            <MandatoryLogic/>
            <ReadOnlyLogic/>
            <IsToolbarButton/>
            <IsDefaultFocus>N</IsDefaultFocus>
            <IsAdvancedField>N</IsAdvancedField>
            <VFormat/>
            <AD_LabelStyle_ID reference="id"/>
            <AD_FieldStyle_ID reference="id"/>
            <AD_Field_Trl type="translation">
                <Help>El tipo de documento determina la secuencia del documento y las reglas de proceso</Help>
                <Description>Tipo de documento o reglas</Description>
                <Name>Tipo de Documento</Name>
                <AD_Language>es_CO</AD_Language>
                <IsActive>Y</IsActive>
                <IsTranslated>Y</IsTranslated>
            </AD_Field_Trl>
            <AD_Field_Trl type="translation">
                <Help>Tipo de documento</Help>
                <Description>Tipo de documento</Description>
                <Name>Tipo de documento</Name>
                <AD_Language>es_CO</AD_Language>
                <IsActive>Y</IsActive>
                <IsTranslated>Y</IsTranslated>
            </AD_Field_Trl>
        </AD_Field>
        <AD_Field type="table">
            <AD_Client_ID>0</AD_Client_ID>
            <AD_Org_ID>0</AD_Org_ID>
            <Name>Processed</Name>
            <Description>The document has been processed</Description>
            <Help>The Processed checkbox indicates that a document has been processed.</Help>
            <AD_Tab_ID reference="uuid" reference-key="AD_Tab">c73c9ce7-f23e-4ed0-bdba-3fee775911a8</AD_Tab_ID>
            <AD_Column_ID reference="uuid" reference-key="AD_Column">e21fd667-2416-4de7-9cd7-851b65736668</AD_Column_ID>
            <IsDisplayed>Y</IsDisplayed>
            <DisplayLogic/>
            <DisplayLength>1</DisplayLength>
            <SeqNo>220</SeqNo>
            <SortNo/>
            <IsSameLine>N</IsSameLine>
            <IsHeading>N</IsHeading>
            <IsFieldOnly>N</IsFieldOnly>
            <IsEncrypted>N</IsEncrypted>
            <IsActive>Y</IsActive>
            <IsReadOnly>Y</IsReadOnly>
            <IsCentrallyMaintained>Y</IsCentrallyMaintained>
            <AD_FieldGroup_ID reference="id"/>
            <EntityType>ING_Payroll</EntityType>
            <ObscureType/>
            <AD_Reference_ID reference="id"/>
            <IsMandatory/>
            <DefaultValue/>
            <AD_Reference_Value_ID reference="id"/>
            <AD_Val_Rule_ID reference="id"/>
            <Included_Tab_ID reference="id"/>
            <AD_Field_UU>e5d7e34a-feeb-4ac1-9f0f-076ef008056a</AD_Field_UU>
            <IsAllowCopy/>
            <IsDisplayedGrid>Y</IsDisplayedGrid>
            <SeqNoGrid>120</SeqNoGrid>
            <XPosition>4</XPosition>
            <ColumnSpan>2</ColumnSpan>
            <NumLines>1</NumLines>
            <IsQuickEntry>N</IsQuickEntry>
            <IsUpdateable/>
            <IsAlwaysUpdateable/>
            <MandatoryLogic/>
            <ReadOnlyLogic/>
            <IsToolbarButton/>
            <IsDefaultFocus>N</IsDefaultFocus>
            <IsAdvancedField>N</IsAdvancedField>
            <VFormat/>
            <AD_LabelStyle_ID reference="id"/>
            <AD_FieldStyle_ID reference="id"/>
            <AD_Field_Trl type="translation">
                <Help>El cuadro de verificación procesada indica que un documento ha sido procesado</Help>
                <Description>El documento ha sido procesado</Description>
                <Name>Procesado</Name>
                <AD_Language>es_CO</AD_Language>
                <IsActive>Y</IsActive>
                <IsTranslated>Y</IsTranslated>
            </AD_Field_Trl>
            <AD_Field_Trl type="translation">
                <Help>El cuadro de verificación procesada indica que un documento ha sido procesado</Help>
                <Description>El documento ha sido procesado</Description>
                <Name>Procesado</Name>
                <AD_Language>es_CO</AD_Language>
                <IsActive>Y</IsActive>
                <IsTranslated>Y</IsTranslated>
            </AD_Field_Trl>
        </AD_Field>
        <AD_Field type="table">
            <AD_Client_ID>0</AD_Client_ID>
            <AD_Org_ID>0</AD_Org_ID>
            <Name>Active</Name>
            <Description>The record is active in the system</Description>
            <Help>There are two methods of making records unavailable in the system: One is to delete the record, the other is to de-activate the record. A de-activated record is not available for selection, but available for reports.
There are two reasons for de-activating and not deleting records:
(1) The system requires the record for audit purposes.
(2) The record is referenced by other records. E.g., you cannot delete a Business Partner, if there are invoices for this partner record existing. You de-activate the Business Partner and prevent that this record is used for future entries.</Help>
            <AD_Tab_ID reference="uuid" reference-key="AD_Tab">c73c9ce7-f23e-4ed0-bdba-3fee775911a8</AD_Tab_ID>
            <AD_Column_ID reference="uuid" reference-key="AD_Column">e51dbc09-6a78-4b31-8752-917fb1752865</AD_Column_ID>
            <IsDisplayed>Y</IsDisplayed>
            <DisplayLogic/>
            <DisplayLength>1</DisplayLength>
            <SeqNo>230</SeqNo>
            <SortNo/>
            <IsSameLine>N</IsSameLine>
            <IsHeading>N</IsHeading>
            <IsFieldOnly>N</IsFieldOnly>
            <IsEncrypted>N</IsEncrypted>
            <IsActive>Y</IsActive>
            <IsReadOnly>Y</IsReadOnly>
            <IsCentrallyMaintained>Y</IsCentrallyMaintained>
            <AD_FieldGroup_ID reference="id"/>
            <EntityType>ING_Payroll</EntityType>
            <ObscureType/>
            <AD_Reference_ID reference="id"/>
            <IsMandatory/>
            <DefaultValue/>
            <AD_Reference_Value_ID reference="id"/>
            <AD_Val_Rule_ID reference="id"/>
            <Included_Tab_ID reference="id"/>
            <AD_Field_UU>51cc49fd-80d5-486d-a38c-6b5f5b67a677</AD_Field_UU>
            <IsAllowCopy/>
            <IsDisplayedGrid>Y</IsDisplayedGrid>
            <SeqNoGrid>50</SeqNoGrid>
            <XPosition>6</XPosition>
            <ColumnSpan>1</ColumnSpan>
            <NumLines>1</NumLines>
            <IsQuickEntry>N</IsQuickEntry>
            <IsUpdateable/>
            <IsAlwaysUpdateable/>
            <MandatoryLogic/>
            <ReadOnlyLogic/>
            <IsToolbarButton/>
            <IsDefaultFocus>N</IsDefaultFocus>
            <IsAdvancedField>N</IsAdvancedField>
            <VFormat/>
            <AD_LabelStyle_ID reference="id"/>
            <AD_FieldStyle_ID reference="id"/>
            <AD_Field_Trl type="translation">
                <Help>Hay dos métodos para que los registros no estén disponibles en el sistema: Uno es eliminar el registro; el otro es desactivarlo. Un registro desactivado no está disponible para selección; pero está disponible para Informes</Help>
                <Description>El registro está activo en el sistema</Description>
                <Name>Activo</Name>
                <AD_Language>es_CO</AD_Language>
                <IsActive>Y</IsActive>
                <IsTranslated>Y</IsTranslated>
            </AD_Field_Trl>
            <AD_Field_Trl type="translation">
                <Help>Hay dos métodos para que los registros no estén disponibles en el sistema: Uno es eliminar el registro; el otro es desactivarlo. Un registro desactivado no está disponible para selección; pero está disponible para Informes</Help>
                <Description>El registro está activo en el sistema</Description>
                <Name>Activo</Name>
                <AD_Language>es_CO</AD_Language>
                <IsActive>Y</IsActive>
                <IsTranslated>Y</IsTranslated>
            </AD_Field_Trl>
        </AD_Field>
    </AD_Menu>
 <SQLStatement type="custom">
        <DBType>Postgres</DBType>
        <statement>
            <![CDATA[ALTER TABLE AD_Rule ALTER COLUMN Script TYPE VARCHAR(20000)]]>
        </statement>
        <statement>
            <![CDATA[ALTER TABLE AD_Rule ALTER COLUMN Script SET DEFAULT NULL]]>
        </statement>
    </SQLStatement>
</idempiere>
