<?xml version="1.0" encoding="UTF-8"?><idempiere Name="AD_Window_Trl" Version="1.0.0" idempiereVersion="8.2.0.qualifier" DataBaseVersion="2020-12-20" Description="" Author="SuperUser" AuthorEmail="" CreatedDate="Fri Jun 10 12:15:07 VET 2022" UpdatedDate="Fri Jun 10 12:15:07 VET 2022" PackOutVersion="100" UpdateDictionary="true" Client="0-SYSTEM-System" AD_Client_UU="11237b53-9592-4af1-b3c5-afd216514b5d">
    <AD_Window_Trl type="table">
        <AD_Client_ID>0</AD_Client_ID>
        <AD_Org_ID>0</AD_Org_ID>
        <AD_Window_ID reference="uuid" reference-key="AD_Window">ff30c79f-d397-456c-8d3d-3c859553925c</AD_Window_ID>
        <AD_Language>es_VE</AD_Language>
        <Description/>
        <Help/>
        <Name>Generador de incidencias de turnos</Name>
        <IsTranslated>Y</IsTranslated>
        <IsActive>Y</IsActive>
        <AD_Org_ID reference="id">0</AD_Org_ID>
        <AD_Window_Trl_UU>5b4509c2-e3d7-4d89-8f27-ffd140f2ff29</AD_Window_Trl_UU>
    </AD_Window_Trl>

    <AD_Tab_Trl type="table">
        <AD_Client_ID>0</AD_Client_ID>
        <AD_Org_ID>0</AD_Org_ID>
        <AD_Tab_ID reference="uuid" reference-key="AD_Tab">307c1421-2f0e-4345-972f-292bd9b5bf16</AD_Tab_ID>
        <AD_Language>es_VE</AD_Language>
        <Name>Generador de incidencias de turnos</Name>
        <Description/>
        <Help/>
        <IsTranslated>Y</IsTranslated>
        <IsActive>Y</IsActive>
        <AD_Org_ID reference="id">0</AD_Org_ID>
        <CommitWarning/>
        <AD_Tab_Trl_UU>ea85cfe7-f5a4-4336-8409-d794d1c455a9</AD_Tab_Trl_UU>
    </AD_Tab_Trl>

    <AD_Tab_Trl type="table">
        <AD_Client_ID>0</AD_Client_ID>
        <AD_Org_ID>0</AD_Org_ID>
        <AD_Tab_ID reference="uuid" reference-key="AD_Tab">e953ca39-ccba-4a30-a18f-c99a529a3728</AD_Tab_ID>
        <AD_Language>es_VE</AD_Language>
        <Name>Lineas</Name>
        <Description/>
        <Help/>
        <IsTranslated>Y</IsTranslated>
        <IsActive>Y</IsActive>
        <AD_Org_ID reference="id">0</AD_Org_ID>
        <CommitWarning/>
        <AD_Tab_Trl_UU>589bf3fa-6087-4a13-baf1-d5f283712e34</AD_Tab_Trl_UU>
    </AD_Tab_Trl>

    <AD_Tab_Trl type="table">
        <AD_Client_ID>0</AD_Client_ID>
        <AD_Org_ID>0</AD_Org_ID>
        <AD_Tab_ID reference="uuid" reference-key="AD_Tab">7465711d-a06a-44ab-913c-fc570f0f8eda</AD_Tab_ID>
        <AD_Language>es_VE</AD_Language>
        <Name>incidencias por empleado</Name>
        <Description/>
        <Help/>
        <IsTranslated>Y</IsTranslated>
        <IsActive>Y</IsActive>
        <AD_Org_ID reference="id">0</AD_Org_ID>
        <CommitWarning/>
        <AD_Tab_Trl_UU>f87849b2-e421-43ed-9ec0-4748b9b979fe</AD_Tab_Trl_UU>
    </AD_Tab_Trl>
</idempiere>
